INSERT INTO AppUser2(DateJoined, Loyalty)
VALUES      ('2024-03-01', 0),
            ('2024-02-01', 1),
            ('2024-01-01', 2),
            ('2023-12-01', 3),
            ('2023-11-01', 4);

INSERT INTO AppUser1(Email, Username, DateJoined)
VALUES      ('matthewasmith442@gmail.com', 'matthew', '2024-03-01'),
            ('xx442boyxx@gmail.com', 'matthew2', '2024-02-01'),
            ('amanprakashburnett@gmail.com', 'aman', '2024-01-01'),
            ('billjones.com.com@gmail.com', 'matthew3', '2023-12-01'),
            ('test@gmail.com', 'first-account', '2023-11-01');

INSERT INTO SaveFileManages(FileID, CreationDate, Email)
VALUES      (0, '2024-03-01', 'matthewasmith442@gmail.com'),
            (1, '2024-03-02', 'matthewasmith442@gmail.com'),
            (2, '2024-03-03', 'matthewasmith442@gmail.com'),
            (3, '2024-03-01', 'amanprakashburnett@gmail.com'),
            (4, '2024-03-02', 'amanprakashburnett@gmail.com');

INSERT INTO Move2(Func, CanMiss)
VALUES      ('STATUS', FALSE),
            ('SPECIAL', TRUE),
            ('PHYSICAL', TRUE);

INSERT INTO Move1(Accuracy, Power, MoveType, Func, MoveName)
VALUES      (100, -1, 'Normal', 'STATUS', 'Growl'),
            (95, 35, 'Normal', 'PHYSICAL', 'Tackle'),
            (90, -1, 'Grass', 'STATUS', 'Leech Seed'),
            (100, 35, 'Grass', 'SPECIAL', 'Vine Whip'),
            (75, -1, 'Poison', 'STATUS', 'PoisonPowder'),
            (95, 55, 'Grass', 'SPECIAL', 'Razor Leaf'),
            (-1, -1, 'Normal', 'STATUS', 'Growth'),
            (75, -1, 'Grass', 'STATUS', 'Sleep Powder'),
            (100, 120, 'Grass', 'SPECIAL', 'SolarBeam'),
            (-1, -1, 'Normal', 'STATUS', 'Swords Dance'),
            (85, -1, 'Poison', 'STATUS', 'Toxic'),
            (100, 85, 'Normal', 'PHYSICAL', 'Body Slam'),
            (85, 90, 'Normal', 'PHYSICAL', 'Take Down'),
            (100, 100, 'Normal', 'PHYSICAL', 'Double-Edge'),
            (100, 20, 'Normal', 'PHYSICAL', 'Rage'),
            (100, 40, 'Grass', 'SPECIAL', 'Mega Drain'),
            (100, -1, 'Normal', 'STATUS', 'Mimic'),
            (-1, -1, 'Normal', 'STATUS', 'Double Team'),
            (-1, -1, 'Psychic', 'STATUS', 'Reflect'),
            (-1, -1, 'Normal', 'PHYSICAL', 'Bide'),
            (-1, -1, 'Psychic', 'STATUS', 'Rest'),
            (-1, -1, 'Normal', 'STATUS', 'Substitute'),
            (95, 50, 'Normal', 'PHYSICAL', 'Cut'),
            (90, 150, 'Normal', 'PHYSICAL', 'Hyper Beam'),
            (100, 40, 'Normal', 'PHYSICAL', 'Scratch'),
            (100, 40, 'Fire', 'SPECIAL', 'Ember'),
            (100, -1, 'Normal', 'STATUS', 'Leer'),
            (100, 70, 'Normal', 'PHYSICAL', 'Slash'),
            (100, 95, 'Fire', 'SPECIAL', 'Flamethrower'),
            (70, 15, 'Fire', 'SPECIAL', 'Fire Spin'),
            (85, 80, 'Normal', 'PHYSICAL', 'Mega Punch'),
            (75, 120, 'Normal', 'PHYSICAL', 'Mega Kick'),
            (80, 80, 'Fighting', 'PHYSICAL', 'Submission'),
            (100, -1, 'Fighting', 'PHYSICAL', 'Counter'),
            (100, -1, 'Fighting', 'PHYSICAL', 'Seismic Toss'),
            (100, -1, 'Dragon', 'SPECIAL', 'Dragon Rage'),
            (100, 100, 'Ground', 'PHYSICAL', 'Dig'),
            (85, 120, 'Fire', 'SPECIAL', 'Fire Blast'),
            (100, 60, 'Normal', 'PHYSICAL', 'Swift'),
            (100, 100, 'Normal', 'PHYSICAL', 'Skull Bash'),
            (100, 80, 'Normal', 'PHYSICAL', 'Strength'),
            (100, 100, 'Ground', 'PHYSICAL', 'Earthquake'),
            (30, -1, 'Ground', 'PHYSICAL', 'Fissure'),
            (100, -1, 'Normal', 'STATUS', 'Tail Whip'),
            (100, 20, 'Water', 'SPECIAL', 'Bubble'),
            (100, 40, 'Water', 'SPECIAL', 'Water Gun'),
            (100, 60, 'Normal', 'PHYSICAL', 'Bite'),
            (-1, -1, 'Water', 'STATUS', 'Withdraw'),
            (80, 120, 'Water', 'SPECIAL', 'Hydro Pump'),
            (100, 65, 'Water', 'SPECIAL', 'BubbleBeam'),
            (100, 95, 'Ice', 'SPECIAL', 'Ice Beam'),
            (90, 120, 'Ice', 'SPECIAL', 'Blizzard'),
            (100, 95, 'Water', 'SPECIAL', 'Surf'),
            (95, -1, 'Bug', 'STATUS', 'String Shot'),
            (-1, -1, 'Normal', 'STATUS', 'Harden'),
            (100, 50, 'Psychic', 'SPECIAL', 'Confusion'),
            (75, -1, 'Grass', 'STATUS', 'Stun Spore'),
            (55, -1, 'Normal', 'STATUS', 'Supersonic'),
            (85, -1, 'Normal', 'STATUS', 'Whirlwind'),
            (100, 65, 'Psychic', 'SPECIAL', 'Psybeam'),
            (75, 80, 'Normal', 'PHYSICAL', 'Razor Wind'),
            (100, 90, 'Psychic', 'SPECIAL', 'Psychic'),
            (-1, -1, 'Psychic', 'STATUS', 'Teleport'),
            (80, -1, 'Psychic', 'SPECIAL', 'Psywave'),
            (70, -1, 'Normal', 'STATUS', 'Flash'),
            (100, 15, 'Poison', 'PHYSICAL', 'Poison Sting'),
            (85, 15, 'Normal', 'PHYSICAL', 'Fury Attack'),
            (-1, -1, 'Normal', 'STATUS', 'Focus Energy'),
            (100, 25, 'Bug', 'PHYSICAL', 'Twineedle'),
            (85, 14, 'Bug', 'PHYSICAL', 'Pin Missile'),
            (-1, -1, 'Psychic', 'STATUS', 'Agility'),
            (100, 40, 'Normal', 'PHYSICAL', 'Gust'),
            (100, -1, 'Normal', 'STATUS', 'Sand-Attack'),
            (100, 40, 'Normal', 'PHYSICAL', 'Quick Attack'),
            (100, 35, 'Flying', 'PHYSICAL', 'Wing Attack'),
            (-1, -1, 'Flying', 'STATUS', 'Mirror Move'),
            (90, 140, 'Flying', 'PHYSICAL', 'Sky Attack'),
            (95, 70, 'Flying', 'PHYSICAL', 'Fly'),
            (90, 80, 'Normal', 'PHYSICAL', 'Hyper Fang'),
            (90, -1, 'Normal', 'PHYSICAL', 'Super Fang'),
            (100, 95, 'Electric', 'SPECIAL', 'Thunderbolt'),
            (70, 120, 'Electric', 'SPECIAL', 'Thunder'),
            (100, 35, 'Flying', 'PHYSICAL', 'Peck'),
            (100, 80, 'Flying', 'PHYSICAL', 'Drill Peck'),
            (85, 15, 'Normal', 'PHYSICAL', 'Wrap'),
            (75, -1, 'Normal', 'STATUS', 'Glare'),
            (85, -1, 'Normal', 'STATUS', 'Screech'),
            (100, 40, 'Poison', 'PHYSICAL', 'Acid'),
            (90, 75, 'Rock', 'PHYSICAL', 'Rock Slide'),
            (100, 40, 'Electric', 'SPECIAL', 'ThunderShock'),
            (100, -1, 'Electric', 'STATUS', 'Thunder Wave'),
            (100, 40, 'Normal', 'PHYSICAL', 'Pay Day'),
            (80, 18, 'Normal', 'PHYSICAL', 'Fury Swipes'),
            (100, 30, 'Fighting', 'PHYSICAL', 'Double Kick'),
            (30, -1, 'Normal', 'PHYSICAL', 'Horn Drill'),
            (100, 65, 'Normal', 'PHYSICAL', 'Horn Attack'),
            (100, 90, 'Normal', 'PHYSICAL', 'Thrash'),
            (100, 40, 'Normal', 'PHYSICAL', 'Pound'),
            (55, -1, 'Normal', 'STATUS', 'Sing'),
            (85, 15, 'Normal', 'PHYSICAL', 'DoubleSlap'),
            (-1, -1, 'Normal', 'STATUS', 'Minimize'),
            (-1, -1, 'Normal', 'STATUS', 'Metronome'),
            (-1, -1, 'Normal', 'STATUS', 'Defense Curl'),
            (-1, -1, 'Psychic', 'STATUS', 'Light Screen'),
            (100, 80, 'Normal', 'PHYSICAL', 'Tri Attack'),
            (100, -1, 'Normal', 'STATUS', 'Roar'),
            (100, -1, 'Ghost', 'STATUS', 'Confuse Ray'),
            (55, -1, 'Normal', 'STATUS', 'Disable'),
            (100, 20, 'Bug', 'PHYSICAL', 'Leech Life'),
            (-1, -1, 'Ice', 'STATUS', 'Haze'),
            (100, 20, 'Grass', 'SPECIAL', 'Absorb'),
            (100, 70, 'Grass', 'SPECIAL', 'Petal Dance'),
            (100, -1, 'Grass', 'STATUS', 'Spore'),
            (100, 50, 'Normal', 'PHYSICAL', 'Karate Chop'),
            (60, -1, 'Psychic', 'STATUS', 'Hypnosis'),
            (-1, -1, 'Psychic', 'STATUS', 'Amnesia'),
            (-1, -1, 'Normal', 'STATUS', 'Recover'),
            (90, 50, 'Fighting', 'PHYSICAL', 'Low Kick'),
            (75, 80, 'Normal', 'PHYSICAL', 'Slam'),
            (100, 10, 'Normal', 'PHYSICAL', 'Constrict'),
            (-1, -1, 'Psychic', 'STATUS', 'Barrier'),
            (65, 50, 'Rock', 'PHYSICAL', 'Rock Throw'),
            (100, 130, 'Normal', 'PHYSICAL', 'Selfdestruct'),
            (100, 170, 'Normal', 'PHYSICAL', 'Explosion'),
            (100, 65, 'Normal', 'PHYSICAL', 'Stomp'),
            (100, 70, 'Normal', 'PHYSICAL', 'Headbutt'),
            (90, -1, 'Normal', 'PHYSICAL', 'SonicBoom'),
            (100, 65, 'Ice', 'SPECIAL', 'Aurora Beam'),
            (55, -1, 'Poison', 'STATUS', 'Poison Gas'),
            (100, 65, 'Poison', 'PHYSICAL', 'Sludge'),
            (-1, -1, 'Poison', 'STATUS', 'Acid Armor'),
            (75, 35, 'Water', 'SPECIAL', 'Clamp'),
            (100, 20, 'Normal', 'PHYSICAL', 'Spike Cannon'),
            (100, 20, 'Ghost', 'PHYSICAL', 'Lick'),
            (100, -1, 'Ghost', 'PHYSICAL', 'Night Shade'),
            (100, 100, 'Psychic', 'SPECIAL', 'Dream Eater'),
            (75, 15, 'Normal', 'PHYSICAL', 'Bind'),
            (-1, -1, 'Psychic', 'STATUS', 'Meditate'),
            (100, 55, 'Normal', 'PHYSICAL', 'ViceGrip'),
            (30, -1, 'Normal', 'PHYSICAL', 'Guillotine'),
            (85, 90, 'Water', 'SPECIAL', 'Crabhammer'),
            (85, 15, 'Normal', 'PHYSICAL', 'Barrage'),
            (75, 100, 'Normal', 'PHYSICAL', 'Egg Bomb'),
            (85, 65, 'Ground', 'PHYSICAL', 'Bone Club'),
            (90, 50, 'Ground', 'PHYSICAL', 'Bonemerang'),
            (85, 60, 'Fighting', 'PHYSICAL', 'Rolling Kick'),
            (95, 70, 'Fighting', 'PHYSICAL', 'Jump Kick'),
            (90, 85, 'Fighting', 'PHYSICAL', 'Hi Jump Kick'),
            (85, 18, 'Normal', 'PHYSICAL', 'Comet Punch'),
            (100, 75, 'Fire', 'SPECIAL', 'Fire Punch'),
            (100, 75, 'Ice', 'SPECIAL', 'Ice Punch'),
            (100, 75, 'Electric', 'SPECIAL', 'ThunderPunch'),
            (70, 20, 'Poison', 'PHYSICAL', 'Smog'),
            (100, -1, 'Normal', 'STATUS', 'SmokeScreen'),
            (-1, -1, 'Normal', 'STATUS', 'Softboiled'),
            (100, 70, 'Normal', 'PHYSICAL', 'Dizzy Punch'),
            (100, 80, 'Water', 'SPECIAL', 'Waterfall'),
            (75, -1, 'Normal', 'STATUS', 'Lovely Kiss'),
            (-1, -1, 'Normal', 'STATUS', 'Splash'),
            (-1, -1, 'Ice', 'STATUS', 'Mist'),
            (-1, -1, 'Normal', 'STATUS', 'Transform'),
            (-1, -1, 'Normal', 'STATUS', 'Conversion'),
            (-1, -1, 'Normal', 'STATUS', 'Sharpen');

INSERT INTO LevelMove(MoveName)
VALUES      ('Growl'),
            ('Tackle'),
            ('Leech Seed'),
            ('Vine Whip'),
            ('PoisonPowder'),
            ('Razor Leaf'),
            ('Growth'),
            ('Sleep Powder'),
            ('SolarBeam'),
            ('Scratch'),
            ('Ember'),
            ('Leer'),
            ('Rage'),
            ('Slash'),
            ('Flamethrower'),
            ('Fire Spin'),
            ('Tail Whip'),
            ('Bubble'),
            ('Water Gun'),
            ('Bite'),
            ('Withdraw'),
            ('Skull Bash'),
            ('Hydro Pump'),
            ('String Shot'),
            ('Harden'),
            ('Confusion'),
            ('Stun Spore'),
            ('Supersonic'),
            ('Whirlwind'),
            ('Psybeam'),
            ('Poison Sting'),
            ('Fury Attack'),
            ('Focus Energy'),
            ('Twineedle'),
            ('Pin Missile'),
            ('Agility'),
            ('Gust'),
            ('Sand-Attack'),
            ('Quick Attack'),
            ('Wing Attack'),
            ('Mirror Move'),
            ('Hyper Fang'),
            ('Super Fang'),
            ('Peck'),
            ('Drill Peck'),
            ('Wrap'),
            ('Glare'),
            ('Screech'),
            ('Acid'),
            ('ThunderShock'),
            ('Thunder Wave'),
            ('Swift'),
            ('Thunder'),
            ('Fury Swipes'),
            ('Double Kick'),
            ('Body Slam'),
            ('Horn Attack'),
            ('Horn Drill'),
            ('Thrash'),
            ('Pound'),
            ('Sing'),
            ('DoubleSlap'),
            ('Minimize'),
            ('Metronome'),
            ('Defense Curl'),
            ('Light Screen'),
            ('Roar'),
            ('Confuse Ray'),
            ('Disable'),
            ('Rest'),
            ('Double-Edge'),
            ('Leech Life'),
            ('Haze'),
            ('Absorb'),
            ('Petal Dance'),
            ('Spore'),
            ('Psychic'),
            ('Dig'),
            ('Earthquake'),
            ('Pay Day'),
            ('Karate Chop'),
            ('Seismic Toss'),
            ('Take Down'),
            ('Hypnosis'),
            ('Amnesia'),
            ('Teleport'),
            ('Recover'),
            ('Reflect'),
            ('Low Kick'),
            ('Submission'),
            ('Slam'),
            ('Constrict'),
            ('Barrier'),
            ('Rock Throw'),
            ('Selfdestruct'),
            ('Explosion'),
            ('Stomp'),
            ('Headbutt'),
            ('SonicBoom'),
            ('Swords Dance'),
            ('Tri Attack'),
            ('Aurora Beam'),
            ('Ice Beam'),
            ('Poison Gas'),
            ('Sludge'),
            ('Acid Armor'),
            ('Clamp'),
            ('Spike Cannon'),
            ('Lick'),
            ('Night Shade'),
            ('Dream Eater'),
            ('Bind'),
            ('Meditate'),
            ('ViceGrip'),
            ('Guillotine'),
            ('Crabhammer'),
            ('Barrage'),
            ('Bone Club'),
            ('Bonemerang'),
            ('Rolling Kick'),
            ('Jump Kick'),
            ('Hi Jump Kick'),
            ('Mega Kick'),
            ('Comet Punch'),
            ('Fire Punch'),
            ('Ice Punch'),
            ('ThunderPunch'),
            ('Mega Punch'),
            ('Counter'),
            ('Smog'),
            ('SmokeScreen'),
            ('Dizzy Punch'),
            ('Waterfall'),
            ('Substitute'),
            ('Double Team'),
            ('Lovely Kiss'),
            ('Blizzard'),
            ('Splash'),
            ('Dragon Rage'),
            ('Hyper Beam'),
            ('Mist'),
            ('Transform'),
            ('Conversion'),
            ('Sharpen'),
            ('Sky Attack');

INSERT INTO TMHMMove(MoveName, MoveNumber)
VALUES      ('Swords Dance', 3),
            ('Toxic', 6),
            ('Body Slam', 8),
            ('Take Down', 9),
            ('Double-Edge', 10),
            ('Rage', 20),
            ('Mega Drain', 21),
            ('SolarBeam', 22),
            ('Mimic', 31),
            ('Double Team', 32),
            ('Reflect', 33),
            ('Bide', 34),
            ('Rest', 44),
            ('Substitute', 50),
            ('Cut', 1),
            ('Hyper Beam', 15),
            ('Mega Punch', 1),
            ('Mega Kick', 5),
            ('Submission', 17),
            ('Counter', 18),
            ('Seismic Toss', 19),
            ('Dragon Rage', 23),
            ('Dig', 28),
            ('Fire Blast', 38),
            ('Swift', 39),
            ('Skull Bash', 40),
            ('Strength', 4),
            ('Earthquake', 26),
            ('Fissure', 27),
            ('BubbleBeam', 11),
            ('Water Gun', 12),
            ('Ice Beam', 13),
            ('Blizzard', 14),
            ('Surf', 3),
            ('Razor Wind', 2),
            ('Whirlwind', 4),
            ('Psychic', 29),
            ('Teleport', 30),
            ('Psywave', 46),
            ('Flash', 5),
            ('Sky Attack', 43),
            ('Fly', 2),
            ('Thunderbolt', 24),
            ('Thunder', 25),
            ('Rock Slide', 48),
            ('Pay Day', 16),
            ('Thunder Wave', 45),
            ('Horn Drill', 7),
            ('Metronome', 35),
            ('Tri Attack', 49),
            ('Selfdestruct', 36),
            ('Explosion', 47),
            ('Dream Eater', 42),
            ('Egg Bomb', 37),
            ('Softboiled', 41);

INSERT INTO PokemonStores2(PokemonName, PokeType, EggGroup)
VALUES      ('Bulbasaur', 'Grass/Poison', 'Grass/Monster'),
            ('Ivysaur', 'Grass/Poison', 'Grass/Monster'),
            ('Venusaur', 'Grass/Poison', 'Grass/Monster'),
            ('Charmander', 'Fire', 'Dragon/Monster'),
            ('Charmeleon', 'Fire', 'Dragon/Monster'),
            ('Charizard', 'Fire/Flying', 'Dragon/Monster'),
            ('Squirtle', 'Water', 'Monster/Water 1'),
            ('Wartortle', 'Water', 'Monster/Water 1'),
            ('Blastoise', 'Water', 'Monster/Water 1'),
            ('Caterpie', 'Bug', 'Bug'),
            ('Metapod', 'Bug', 'Bug'),
            ('Butterfree', 'Bug/Flying', 'Bug'),
            ('Weedle', 'Bug/Poison', 'Bug'),
            ('Kakuna', 'Bug/Poison', 'Bug'),
            ('Beedrill', 'Bug/Poison', 'Bug'),
            ('Pidgey', 'Normal/Flying', 'Flying'),
            ('Pidgeotto', 'Normal/Flying', 'Flying'),
            ('Pidgeot', 'Normal/Flying', 'Flying'),
            ('Rattata', 'Normal', 'Field'),
            ('Raticate', 'Normal', 'Field'),
            ('Spearow', 'Normal/Flying', 'Flying'),
            ('Fearow', 'Normal/Flying', 'Flying'),
            ('Ekans', 'Poison', 'Dragon/Field'),
            ('Arbok', 'Poison', 'Dragon/Field'),
            ('Pikachu', 'Electric', 'Fairy/Field'),
            ('Raichu', 'Electric', 'Fairy/Field'),
            ('Sandshrew', 'Ground', 'Field'),
            ('Sandslash', 'Ground', 'Field'),
            ('NidoranF', 'Poison', 'Field/Monster'),
            ('Nidorina', 'Poison', 'Undiscovered'),
            ('Nidoqueen', 'Poison/Ground', 'Undiscovered'),
            ('NidoranM', 'Poison', 'Field/Monster'),
            ('Nidorino', 'Poison', 'Field/Monster'),
            ('Nidoking', 'Poison/Ground', 'Field/Monster'),
            ('Clefairy', 'Normal', 'Fairy'),
            ('Clefable', 'Normal', 'Fairy'),
            ('Vulpix', 'Fire', 'Field'),
            ('Ninetales', 'Fire', 'Field'),
            ('Jigglypuff', 'Normal', 'Fairy'),
            ('Wigglytuff', 'Normal', 'Fairy'),
            ('Zubat', 'Poison/Flying', 'Flying'),
            ('Golbat', 'Poison/Flying', 'Flying'),
            ('Oddish', 'Grass/Poison', 'Grass'),
            ('Gloom', 'Grass/Poison', 'Grass'),
            ('Vileplume', 'Grass/Poison', 'Grass'),
            ('Paras', 'Bug/Grass', 'Bug/Grass'),
            ('Parasect', 'Bug/Grass', 'Bug/Grass'),
            ('Venonat', 'Bug/Poison', 'Bug'),
            ('Venomoth', 'Bug/Poison', 'Bug'),
            ('Diglett', 'Ground', 'Field'),
            ('Dugtrio', 'Ground', 'Field'),
            ('Meowth', 'Normal', 'Field'),
            ('Persian', 'Normal', 'Field'),
            ('Psyduck', 'Water', 'Field/Water 1'),
            ('Golduck', 'Water', 'Field/Water 1'),
            ('Mankey', 'Fighting', 'Field'),
            ('Primeape', 'Fighting', 'Field'),
            ('Growlithe', 'Fire', 'Field'),
            ('Arcanine', 'Fire', 'Field'),
            ('Poliwag', 'Water', 'Water 1'),
            ('Poliwhirl', 'Water', 'Water 1'),
            ('Poliwrath', 'Water/Fighting', 'Water 1'),
            ('Abra', 'Psychic', 'Human-Like'),
            ('Kadabra', 'Psychic', 'Human-Like'),
            ('Alakazam', 'Psychic', 'Human-Like'),
            ('Machop', 'Fighting', 'Human-Like'),
            ('Machoke', 'Fighting', 'Human-Like'),
            ('Machamp', 'Fighting', 'Human-Like'),
            ('Bellsprout', 'Grass/Poison', 'Grass'),
            ('Weepinbell', 'Grass/Poison', 'Grass'),
            ('Victreebel', 'Grass/Poison', 'Grass'),
            ('Tentacool', 'Water/Poison', 'Water 3'),
            ('Tentacruel', 'Water/Poison', 'Water 3'),
            ('Geodude', 'Rock/Ground', 'Mineral'),
            ('Graveler', 'Rock/Ground', 'Mineral'),
            ('Golem', 'Rock/Ground', 'Mineral'),
            ('Ponyta', 'Fire', 'Field'),
            ('Rapidash', 'Fire', 'Field'),
            ('Slowpoke', 'Water/Psychic', 'Monster/Water 1'),
            ('Slowbro', 'Water/Psychic', 'Monster/Water 1'),
            ('Magnemite', 'Electric/Steel', 'Mineral'),
            ('Magneton', 'Electric/Steel', 'Mineral'),
            ('Farfetchd', 'Normal/Flying', 'Field/Flying'),
            ('Doduo', 'Normal/Flying', 'Flying'),
            ('Dodrio', 'Normal/Flying', 'Flying'),
            ('Seel', 'Water', 'Field/Water 1'),
            ('Dewgong', 'Water/Ice', 'Field/Water 1'),
            ('Grimer', 'Poison', 'Amorphous'),
            ('Muk', 'Poison', 'Amorphous'),
            ('Shellder', 'Water', 'Water 3'),
            ('Cloyster', 'Water/Ice', 'Water 3'),
            ('Gastly', 'Ghost/Poison', 'Amorphous'),
            ('Haunter', 'Ghost/Poison', 'Amorphous'),
            ('Gengar', 'Ghost/Poison', 'Amorphous'),
            ('Onix', 'Rock/Ground', 'Mineral'),
            ('Drowzee', 'Psychic', 'Human-Like'),
            ('Hypno', 'Psychic', 'Human-Like'),
            ('Krabby', 'Water', 'Water 3'),
            ('Kingler', 'Water', 'Water 3'),
            ('Voltorb', 'Electric', 'Mineral'),
            ('Electrode', 'Electric', 'Mineral'),
            ('Exeggcute', 'Grass/Psychic', 'Grass'),
            ('Exeggutor', 'Grass/Psychic', 'Grass'),
            ('Cubone', 'Ground', 'Monster'),
            ('Marowak', 'Ground', 'Monster'),
            ('Hitmonlee', 'Fighting', 'Human-Like'),
            ('Hitmonchan', 'Fighting', 'Human-Like'),
            ('Lickitung', 'Normal', 'Monster'),
            ('Koffing', 'Poison', 'Amorphous'),
            ('Weezing', 'Poison', 'Amorphous'),
            ('Rhyhorn', 'Ground/Rock', 'Field/Monster'),
            ('Rhydon', 'Ground/Rock', 'Field/Monster'),
            ('Chansey', 'Normal', 'Fairy'),
            ('Tangela', 'Grass', 'Grass'),
            ('Kangaskhan', 'Normal', 'Monster'),
            ('Horsea', 'Water', 'Dragon/Water 1'),
            ('Seadra', 'Water', 'Dragon/Water 1'),
            ('Goldeen', 'Water', 'Water 2'),
            ('Seaking', 'Water', 'Water 2'),
            ('Staryu', 'Water', 'Water 3'),
            ('Starmie', 'Water/Psychic', 'Water 3'),
            ('Mr. Mime', 'Psychic', 'Human-Like'),
            ('Scyther', 'Bug/Flying', 'Bug'),
            ('Jynx', 'Ice/Psychic', 'Human-Like'),
            ('Electabuzz', 'Electric', 'Human-Like'),
            ('Magmar', 'Fire', 'Human-Like'),
            ('Pinsir', 'Bug', 'Bug'),
            ('Tauros', 'Normal', 'Field'),
            ('Magikarp', 'Water', 'Dragon/Water 2'),
            ('Gyarados', 'Water/Flying', 'Dragon/Water 2'),
            ('Lapras', 'Water/Ice', 'Monster/Water 1'),
            ('Ditto', 'Normal', 'Ditto'),
            ('Eevee', 'Normal', 'Field'),
            ('Vaporeon', 'Water', 'Field'),
            ('Jolteon', 'Electric', 'Field'),
            ('Flareon', 'Fire', 'Field'),
            ('Porygon', 'Normal', 'Mineral'),
            ('Omanyte', 'Rock/Water', 'Water 1/Water 3'),
            ('Omastar', 'Rock/Water', 'Water 1/Water 3'),
            ('Kabuto', 'Rock/Water', 'Water 1/Water 3'),
            ('Kabutops', 'Rock/Water', 'Water 1/Water 3'),
            ('Aerodactyl', 'Rock/Flying', 'Flying'),
            ('Snorlax', 'Normal', 'Monster'),
            ('Articuno', 'Ice/Flying', 'Undiscovered'),
            ('Zapdos', 'Electric/Flying', 'Undiscovered'),
            ('Moltres', 'Fire/Flying', 'Undiscovered'),
            ('Dratini', 'Dragon', 'Dragon/Water 1'),
            ('Dragonair', 'Dragon', 'Dragon/Water 1'),
            ('Dragonite', 'Dragon/Flying', 'Dragon/Water 1'),
            ('Mewtwo', 'Psychic', 'Undiscovered'),
            ('Mew', 'Psychic', 'Undiscovered');

INSERT INTO PokemonStores1(PokeID, PokemonName, PokemonLevel, Ability, Stats, FileID, Email)
VALUES      ('1-001', 'Bulbasaur', 0, 'Overgrow/Chlorophyll', 000000000000, NULL, NULL),
            ('1-002', 'Ivysaur', 0, 'Overgrow/Chlorophyll', 000000000000, NULL, NULL),
            ('1-003', 'Venusaur', 0, 'Overgrow/Chlorophyll', 000000000000, NULL, NULL),
            ('1-004', 'Charmander', 0, 'Blaze/Solar Power', 000000000000, NULL, NULL),
            ('1-005', 'Charmeleon', 0, 'Blaze/Solar Power', 000000000000, NULL, NULL),
            ('1-006', 'Charizard', 0, 'Blaze/Solar Power', 000000000000, NULL, NULL),
            ('1-007', 'Squirtle', 0, 'Torrent/Rain Dish', 000000000000, NULL, NULL),
            ('1-008', 'Wartortle', 0, 'Torrent/Rain Dish', 000000000000, NULL, NULL),
            ('1-009', 'Blastoise', 0, 'Torrent/Rain Dish', 000000000000, NULL, NULL),
            ('1-010', 'Caterpie', 0, 'Shield Dust/Run Away', 000000000000, NULL, NULL),
            ('1-011', 'Metapod', 0, 'Shed Skin', 000000000000, NULL, NULL),
            ('1-012', 'Butterfree', 0, 'Compound Eyes/Tinted Lens', 000000000000, NULL, NULL),
            ('1-013', 'Weedle', 0, 'Shield Dust/Run Away', 000000000000, NULL, NULL),
            ('1-014', 'Kakuna', 0, 'Shed Skin', 000000000000, NULL, NULL),
            ('1-015', 'Beedrill', 0, 'Swarm/Sniper', 000000000000, NULL, NULL),
            ('1-016', 'Pidgey', 0, 'Keen Eye/Tangled Feet/Big Pecks', 000000000000, NULL, NULL),
            ('1-017', 'Pidgeotto', 0, 'Keen Eye/Tangled Feet/Big Pecks', 000000000000, NULL, NULL),
            ('1-018', 'Pidgeot', 0, 'Keen Eye/Tangled Feet/Big Pecks', 000000000000, NULL, NULL),
            ('1-019', 'Rattata', 0, 'Run Away/Guts/Hustle', 000000000000, NULL, NULL),
            ('1-020', 'Raticate', 0, 'Run Away/Guts/Hustle', 000000000000, NULL, NULL),
            ('1-021', 'Spearow', 0, 'Keen Eye/Sniper', 000000000000, NULL, NULL),
            ('1-022', 'Fearow', 0, 'Keen Eye/Sniper', 000000000000, NULL, NULL),
            ('1-023', 'Ekans', 0, 'Intimidate/Shed Skin/Unnerve', 000000000000, NULL, NULL),
            ('1-024', 'Arbok', 0, 'Intimidate/Shed Skin/Unnerve', 000000000000, NULL, NULL),
            ('1-025', 'Pikachu', 0, 'Static/Lightning Rod', 000000000000, NULL, NULL),
            ('1-026', 'Raichu', 0, 'Static/Lightning Rod', 000000000000, NULL, NULL),
            ('1-027', 'Sandshrew', 0, 'Sand Veil/Sand Rush', 000000000000, NULL, NULL),
            ('1-028', 'Sandslash', 0, 'Sand Veil/Sand Rush', 000000000000, NULL, NULL),
            ('1-029', 'NidoranF', 0, 'Poison Point/Rivalry/Hustle', 000000000000, NULL, NULL),
            ('1-030', 'Nidorina', 0, 'Poison Point/Rivalry/Hustle', 000000000000, NULL, NULL),
            ('1-031', 'Nidoqueen', 0, 'Poison Point/Rivalry/Sheer Force', 000000000000, NULL, NULL),
            ('1-032', 'NidoranM', 0, 'Poison Point/Rivalry/Hustle', 000000000000, NULL, NULL),
            ('1-033', 'Nidorino', 0, 'Poison Point/Rivalry/Hustle', 000000000000, NULL, NULL),
            ('1-034', 'Nidoking', 0, 'Poison Point/Rivalry/Sheer Force', 000000000000, NULL, NULL),
            ('1-035', 'Clefairy', 0, 'Cute Charm/Magic Guard/Friend Guard', 000000000000, NULL, NULL),
            ('1-036', 'Clefable', 0, 'Cute Charm/Magic Guard/Unaware', 000000000000, NULL, NULL),
            ('1-037', 'Vulpix', 0, 'Flash Fire/Drought', 000000000000, NULL, NULL),
            ('1-038', 'Ninetales', 0, 'Flash Fire/Drought', 000000000000, NULL, NULL),
            ('1-039', 'Jigglypuff', 0, 'Cute Charm/Competitive/Friend Guard', 000000000000, NULL, NULL),
            ('1-040', 'Wigglytuff', 0, 'Cute Charm/Competitive/Frisk', 000000000000, NULL, NULL),
            ('1-041', 'Zubat', 0, 'Inner Focus/Infiltrator', 000000000000, NULL, NULL),
            ('1-042', 'Golbat', 0, 'Inner Focus/Infiltrator', 000000000000, NULL, NULL),
            ('1-043', 'Oddish', 0, 'Chlorophyll/Run Away', 000000000000, NULL, NULL),
            ('1-044', 'Gloom', 0, 'Chlorophyll/Stench', 000000000000, NULL, NULL),
            ('1-045', 'Vileplume', 0, 'Chlorophyll/Effect Spore', 000000000000, NULL, NULL),
            ('1-046', 'Paras', 0, 'Effect Spore/Dry Skin/Damp', 000000000000, NULL, NULL),
            ('1-047', 'Parasect', 0, 'Effect Spore/Dry Skin/Damp', 000000000000, NULL, NULL),
            ('1-048', 'Venonat', 0, 'Compound Eyes/Tinted Lens/Run Away', 000000000000, NULL, NULL),
            ('1-049', 'Venomoth', 0, 'Shield Dust/Tinted Lens/Wonder Skin', 000000000000, NULL, NULL),
            ('1-050', 'Diglett', 0, 'Sand Veil/Arena Trap/Sand Force', 000000000000, NULL, NULL),
            ('1-051', 'Dugtrio', 0, 'Sand Veil/Arena Trap/Sand Force', 000000000000, NULL, NULL),
            ('1-052', 'Meowth', 0, 'Pickup/Technician/Unnerve', 000000000000, NULL, NULL),
            ('1-053', 'Persian', 0, 'Limber/Technician/Unnerve', 000000000000, NULL, NULL),
            ('1-054', 'Psyduck', 0, 'Damp/Cloud Nine/Swift Swim', 000000000000, NULL, NULL),
            ('1-055', 'Golduck', 0, 'Damp/Cloud Nine/Swift Swim', 000000000000, NULL, NULL),
            ('1-056', 'Mankey', 0, 'Vital Spirit/Anger Point/Defiant', 000000000000, NULL, NULL),
            ('1-057', 'Primeape', 0, 'Vital Spirit/Anger Point/Defiant', 000000000000, NULL, NULL),
            ('1-058', 'Growlithe', 0, 'Intimidate/Flash Fire/Justified', 000000000000, NULL, NULL),
            ('1-059', 'Arcanine', 0, 'Intimidate/Flash Fire/Justified', 000000000000, NULL, NULL),
            ('1-060', 'Poliwag', 0, 'Water Absorb/Damp/Swift Swim', 000000000000, NULL, NULL),
            ('1-061', 'Poliwhirl', 0, 'Water Absorb/Damp/Swift Swim', 000000000000, NULL, NULL),
            ('1-062', 'Poliwrath', 0, 'Water Absorb/Damp/Swift Swim', 000000000000, NULL, NULL),
            ('1-063', 'Abra', 0, 'Synchronize/Inner Focus/Magic Guard', 000000000000, NULL, NULL),
            ('1-064', 'Kadabra', 0, 'Synchronize/Inner Focus/Magic Guard', 000000000000, NULL, NULL),
            ('1-065', 'Alakazam', 0, 'Synchronize/Inner Focus/Magic Guard', 000000000000, NULL, NULL),
            ('1-066', 'Machop', 0, 'Guts/No Guard/Steadfast', 000000000000, NULL, NULL),
            ('1-067', 'Machoke', 0, 'Guts/No Guard/Steadfast', 000000000000, NULL, NULL),
            ('1-068', 'Machamp', 0, 'Guts/No Guard/Steadfast', 000000000000, NULL, NULL),
            ('1-069', 'Bellsprout', 0, 'Chlorophyll/Gluttony', 000000000000, NULL, NULL),
            ('1-070', 'Weepinbell', 0, 'Chlorophyll/Gluttony', 000000000000, NULL, NULL),
            ('1-071', 'Victreebel', 0, 'Chlorophyll/Gluttony', 000000000000, NULL, NULL),
            ('1-072', 'Tentacool', 0, 'Clear Body/Liquid Ooze/Rain Dish', 000000000000, NULL, NULL),
            ('1-073', 'Tentacruel', 0, 'Clear Body/Liquid Ooze/Rain Dish', 000000000000, NULL, NULL),
            ('1-074', 'Geodude', 0, 'Rock Head/Sturdy/Sand Veil', 000000000000, NULL, NULL),
            ('1-075', 'Graveler', 0, 'Rock Head/Sturdy/Sand Veil', 000000000000, NULL, NULL),
            ('1-076', 'Golem', 0, 'Rock Head/Sturdy/Sand Veil', 000000000000, NULL, NULL),
            ('1-077', 'Ponyta', 0, 'Run Away/Flash Fire/Flame Body', 000000000000, NULL, NULL),
            ('1-078', 'Rapidash', 0, 'Run Away/Flash Fire/Flame Body', 000000000000, NULL, NULL),
            ('1-079', 'Slowpoke', 0, 'Oblivious/Own Tempo/Regenerator', 000000000000, NULL, NULL),
            ('1-080', 'Slowbro', 0, 'Oblivious/Own Tempo/Regenerator', 000000000000, NULL, NULL),
            ('1-081', 'Magnemite', 0, 'Magnet Pull/Sturdy/Analytic', 000000000000, NULL, NULL),
            ('1-082', 'Magneton', 0, 'Magnet Pull/Sturdy/Analytic', 000000000000, NULL, NULL),
            ('1-083', 'Farfetchd', 0, 'Keen Eye/Inner Focus/Defiant', 000000000000, NULL, NULL),
            ('1-084', 'Doduo', 0, 'Run Away/Early Bird/Tangled Feet', 000000000000, NULL, NULL),
            ('1-085', 'Dodrio', 0, 'Run Away/Early Bird/Tangled Feet', 000000000000, NULL, NULL),
            ('1-086', 'Seel', 0, 'Thick Fat/Hydration/Ice Body', 000000000000, NULL, NULL),
            ('1-087', 'Dewgong', 0, 'Thick Fat/Hydration/Ice Body', 000000000000, NULL, NULL),
            ('1-088', 'Grimer', 0, 'Stench/Sticky Hold/Poison Touch', 000000000000, NULL, NULL),
            ('1-089', 'Muk', 0, 'Stench/Sticky Hold/Poison Touch', 000000000000, NULL, NULL),
            ('1-090', 'Shellder', 0, 'Shell Armor/Skill Link/Overcoat', 000000000000, NULL, NULL),
            ('1-091', 'Cloyster', 0, 'Shell Armor/Skill Link/Overcoat', 000000000000, NULL, NULL),
            ('1-092', 'Gastly', 0, 'Levitate', 000000000000, NULL, NULL),
            ('1-093', 'Haunter', 0, 'Levitate', 000000000000, NULL, NULL),
            ('1-094', 'Gengar', 0, 'Cursed Body', 000000000000, NULL, NULL),
            ('1-095', 'Onix', 0, 'Rock Head/Sturdy/Weak Armor', 000000000000, NULL, NULL),
            ('1-096', 'Drowzee', 0, 'Insomnia/Forewarn/Inner Focus', 000000000000, NULL, NULL),
            ('1-097', 'Hypno', 0, 'Insomnia/Forewarn/Inner Focus', 000000000000, NULL, NULL),
            ('1-098', 'Krabby', 0, 'Hyper Cutter/Shell Armor/Sheer Force', 000000000000, NULL, NULL),
            ('1-099', 'Kingler', 0, 'Hyper Cutter/Shell Armor/Sheer Force', 000000000000, NULL, NULL),
            ('1-100', 'Voltorb', 0, 'Soundproof/Static/Aftermath', 000000000000, NULL, NULL),
            ('1-101', 'Electrode', 0, 'Soundproof/Static/Aftermath', 000000000000, NULL, NULL),
            ('1-102', 'Exeggcute', 0, 'Chlorophyll/Harvest', 000000000000, NULL, NULL),
            ('1-103', 'Exeggutor', 0, 'Chlorophyll/Harvest', 000000000000, NULL, NULL),
            ('1-104', 'Cubone', 0, 'Rock Head/Lightning Rod/Battle Armor', 000000000000, NULL, NULL),
            ('1-105', 'Marowak', 0, 'Rock Head/Lightning Rod/Battle Armor', 000000000000, NULL, NULL),
            ('1-106', 'Hitmonlee', 0, 'Limber/Reckless/Unburden', 000000000000, NULL, NULL),
            ('1-107', 'Hitmonchan', 0, 'Keen Eye/Iron Fist/Inner Focus', 000000000000, NULL, NULL),
            ('1-108', 'Lickitung', 0, 'Own Tempo/Oblivious/Cloud Nine', 000000000000, NULL, NULL),
            ('1-109', 'Koffing', 0, 'Levitate/Neutralizing Gas/Stench', 000000000000, NULL, NULL),
            ('1-110', 'Weezing', 0, 'Levitate/Neutralizing Gas/Stench', 000000000000, NULL, NULL),
            ('1-111', 'Rhyhorn', 0, 'Lightning Rod/Rock Head/Reckless', 000000000000, NULL, NULL),
            ('1-112', 'Rhydon', 0, 'Lightning Rod/Rock Head/Reckless', 000000000000, NULL, NULL),
            ('1-113', 'Chansey', 0, 'Natural Cure/Serene Grace/Healer', 000000000000, NULL, NULL),
            ('1-114', 'Tangela', 0, 'Chlorophyll/Leaf Guard/Regenerator', 000000000000, NULL, NULL),
            ('1-115', 'Kangaskhan', 0, 'Early Bird/Scrappy/Inner Focus', 000000000000, NULL, NULL),
            ('1-116', 'Horsea', 0, 'Swift Swim/Sniper/Damp', 000000000000, NULL, NULL),
            ('1-117', 'Seadra', 0, 'Poison Point/Sniper/Damp', 000000000000, NULL, NULL),
            ('1-118', 'Goldeen', 0, 'Swift Swim/Water Veil/Lightning Rod', 000000000000, NULL, NULL),
            ('1-119', 'Seaking', 0, 'Swift Swim/Water Veil/Lightning Rod', 000000000000, NULL, NULL),
            ('1-120', 'Staryu', 0, 'Illuminate/Natural Cure/Analytic', 000000000000, NULL, NULL),
            ('1-121', 'Starmie', 0, 'Illuminate/Natural Cure/Analytic', 000000000000, NULL, NULL),
            ('1-122', 'Mr. Mime', 0, 'Soundproof/Filter/Technician', 000000000000, NULL, NULL),
            ('1-123', 'Scyther', 0, 'Swarm/Technician/Steadfast', 000000000000, NULL, NULL),
            ('1-124', 'Jynx', 0, 'Oblivious/Forewarn/Dry Skin', 000000000000, NULL, NULL),
            ('1-125', 'Electabuzz', 0, 'Static/Vital Spirit', 000000000000, NULL, NULL),
            ('1-126', 'Magmar', 0, 'Flame Body/Vital Spirit', 000000000000, NULL, NULL),
            ('1-127', 'Pinsir', 0, 'Hyper Cutter/Mold Breaker/Moxie', 000000000000, NULL, NULL),
            ('1-128', 'Tauros', 0, 'Intimidate/Anger Point/Sheer Force', 000000000000, NULL, NULL),
            ('1-129', 'Magikarp', 0, 'Swift Swim/Rattled', 000000000000, NULL, NULL),
            ('1-130', 'Gyarados', 0, 'Intimidate/Moxie', 000000000000, NULL, NULL),
            ('1-131', 'Lapras', 0, 'Water Absorb/Shell Armor/Hydration', 000000000000, NULL, NULL),
            ('1-132', 'Ditto', 0, 'Limber/Imposter', 000000000000, NULL, NULL),
            ('1-133', 'Eevee', 0, 'Run Away/Adaptability/Anticipation', 000000000000, NULL, NULL),
            ('1-134', 'Vaporeon', 0, 'Water Absorb/Hydration', 000000000000, NULL, NULL),
            ('1-135', 'Jolteon', 0, 'Volt Absorb/Quick Feet', 000000000000, NULL, NULL),
            ('1-136', 'Flareon', 0, 'Flash Fire/Guts', 000000000000, NULL, NULL),
            ('1-137', 'Porygon', 0, 'Trace/Download/Analytic', 000000000000, NULL, NULL),
            ('1-138', 'Omanyte', 0, 'Swift Swim/Shell Armor/Weak Armor', 000000000000, NULL, NULL),
            ('1-139', 'Omastar', 0, 'Swift Swim/Shell Armor/Weak Armor', 000000000000, NULL, NULL),
            ('1-140', 'Kabuto', 0, 'Swift Swim/Battle Armor/Weak Armor', 000000000000, NULL, NULL),
            ('1-141', 'Kabutops', 0, 'Swift Swim/Battle Armor/Weak Armor', 000000000000, NULL, NULL),
            ('1-142', 'Aerodactyl', 0, 'Rock Head/Pressure/Unnerve', 000000000000, NULL, NULL),
            ('1-143', 'Snorlax', 0, 'Immunity/Thick Fat/Gluttony', 000000000000, NULL, NULL),
            ('1-144', 'Articuno', 0, 'Pressure/Snow Cloak', 000000000000, NULL, NULL),
            ('1-145', 'Zapdos', 0, 'Pressure/Static', 000000000000, NULL, NULL),
            ('1-146', 'Moltres', 0, 'Pressure/Flame Body', 000000000000, NULL, NULL),
            ('1-147', 'Dratini', 0, 'Shed Skin/Marvel Scale', 000000000000, NULL, NULL),
            ('1-148', 'Dragonair', 0, 'Shed Skin/Marvel Scale', 000000000000, NULL, NULL),
            ('1-149', 'Dragonite', 0, 'Inner Focus/Multiscale', 000000000000, NULL, NULL),
            ('1-150', 'Mewtwo', 0, 'Pressure/Unnerve', 000000000000, NULL, NULL),
            ('1-151', 'Mew', 0, 'Synchronize', 000000000000, NULL, NULL);

INSERT INTO Evolves(PokeIDFrom, PokeIDTo, Cond)
VALUES      ('1-001', '1-002', 'Level 16'),
            ('1-002', '1-003', 'Level 32'),
            ('1-004', '1-005', 'Level 16'),
            ('1-005', '1-006', 'Level 36'),
            ('1-007', '1-008', 'Level 16'),
            ('1-008', '1-009', 'Level 36');

INSERT INTO Learns(MoveName, PokeID, Lv)
VALUES      ('Growl', '1-001', 1),
            ('Tackle', '1-001', 1),
            ('Leech Seed', '1-001', 7),
            ('Vine Whip', '1-001', 13),
            ('PoisonPowder', '1-001', 20),
            ('Razor Leaf', '1-001', 27),
            ('Growth', '1-001', 34),
            ('Sleep Powder', '1-001', 41),
            ('SolarBeam', '1-001', 48),
            ('Growl', '1-002', 1),
            ('Leech Seed', '1-002', 1),
            ('Tackle', '1-002', 1),
            ('Vine Whip', '1-002', 13),
            ('PoisonPowder', '1-002', 22),
            ('Razor Leaf', '1-002', 30),
            ('Growth', '1-002', 38),
            ('Sleep Powder', '1-002', 46),
            ('SolarBeam', '1-002', 54),
            ('Growl', '1-003', 1),
            ('Leech Seed', '1-003', 1),
            ('Tackle', '1-003', 1),
            ('Vine Whip', '1-003', 1),
            ('PoisonPowder', '1-003', 22),
            ('Razor Leaf', '1-003', 30),
            ('Growth', '1-003', 43),
            ('Sleep Powder', '1-003', 55),
            ('SolarBeam', '1-003', 65),
            ('Growl', '1-004', 1),
            ('Scratch', '1-004', 1),
            ('Ember', '1-004', 9),
            ('Leer', '1-004', 15),
            ('Rage', '1-004', 22),
            ('Slash', '1-004', 30),
            ('Flamethrower', '1-004', 38),
            ('Fire Spin', '1-004', 46),
            ('Ember', '1-005', 1),
            ('Growl', '1-005', 1),
            ('Scratch', '1-005', 1),
            ('Leer', '1-005', 15),
            ('Rage', '1-005', 24),
            ('Slash', '1-005', 33),
            ('Flamethrower', '1-005', 42),
            ('Fire Spin', '1-005', 56),
            ('Ember', '1-006', 1),
            ('Growl', '1-006', 1),
            ('Leer', '1-006', 1),
            ('Scratch', '1-006', 1),
            ('Rage', '1-006', 24),
            ('Slash', '1-006', 36),
            ('Flamethrower', '1-006', 46),
            ('Fire Spin', '1-006', 55),
            ('Tackle', '1-007', 1),
            ('Tail Whip', '1-007', 1),
            ('Bubble', '1-007', 8),
            ('Water Gun', '1-007', 15),
            ('Bite', '1-007', 22),
            ('Withdraw', '1-007', 28),
            ('Skull Bash', '1-007', 35),
            ('Hydro Pump', '1-007', 42),
            ('Bubble', '1-008', 1),
            ('Tackle', '1-008', 1),
            ('Tail Whip', '1-008', 1),
            ('Water Gun', '1-008', 15),
            ('Bite', '1-008', 24),
            ('Withdraw', '1-008', 31),
            ('Skull Bash', '1-008', 39),
            ('Hydro Pump', '1-008', 47),
            ('Bubble', '1-009', 1),
            ('Tackle', '1-009', 1),
            ('Tail Whip', '1-009', 1),
            ('Water Gun', '1-009', 1),
            ('Bite', '1-009', 24),
            ('Withdraw', '1-009', 31),
            ('Skull Bash', '1-009', 42),
            ('Hydro Pump', '1-009', 52),
            ('String Shot', '1-010', 1),
            ('Tackle', '1-010', 1),
            ('Harden', '1-011', 1),
            ('Confusion', '1-012', 1),
            ('PoisonPowder', '1-012', 15),
            ('Stun Spore', '1-012', 16),
            ('Sleep Powder', '1-012', 17),
            ('Supersonic', '1-012', 21),
            ('Whirlwind', '1-012', 26),
            ('Psybeam', '1-012', 32),
            ('Poison Sting', '1-013', 1),
            ('String Shot', '1-013', 1),
            ('Harden', '1-014', 1),
            ('Fury Attack', '1-015', 1),
            ('Focus Energy', '1-015', 16),
            ('Twineedle', '1-015', 20),
            ('Rage', '1-015', 25),
            ('Pin Missile', '1-015', 30),
            ('Agility', '1-015', 35),
            ('Gust', '1-016', 1),
            ('Sand-Attack', '1-016', 5),
            ('Quick Attack', '1-016', 12),
            ('Whirlwind', '1-016', 19),
            ('Wing Attack', '1-016', 28),
            ('Agility', '1-016', 36),
            ('Mirror Move', '1-016', 44),
            ('Gust', '1-017', 1),
            ('Sand-Attack', '1-017', 1),
            ('Quick Attack', '1-017', 12),
            ('Whirlwind', '1-017', 21),
            ('Wing Attack', '1-017', 31),
            ('Agility', '1-017', 40),
            ('Mirror Move', '1-017', 49),
            ('Gust', '1-018', 1),
            ('Quick Attack', '1-018', 1),
            ('Sand-Attack', '1-018', 1),
            ('Whirlwind', '1-018', 21),
            ('Wing Attack', '1-018', 31),
            ('Agility', '1-018', 44),
            ('Mirror Move', '1-018', 54),
            ('Tackle', '1-019', 1),
            ('Tail Whip', '1-019', 1),
            ('Quick Attack', '1-019', 7),
            ('Hyper Fang', '1-019', 14),
            ('Focus Energy', '1-019', 23),
            ('Super Fang', '1-019', 34),
            ('Quick Attack', '1-020', 1),
            ('Tackle', '1-020', 1),
            ('Tail Whip', '1-020', 1),
            ('Hyper Fang', '1-020', 14),
            ('Focus Energy', '1-020', 27),
            ('Super Fang', '1-020', 41),
            ('Growl', '1-021', 1),
            ('Peck', '1-021', 1),
            ('Leer', '1-021', 9),
            ('Fury Attack', '1-021', 15),
            ('Mirror Move', '1-021', 22),
            ('Drill Peck', '1-021', 29),
            ('Agility', '1-021', 36),
            ('Growl', '1-022', 1),
            ('Leer', '1-022', 1),
            ('Peck', '1-022', 1),
            ('Fury Attack', '1-022', 15),
            ('Mirror Move', '1-022', 25),
            ('Drill Peck', '1-022', 34),
            ('Agility', '1-022', 43),
            ('Leer', '1-023', 1),
            ('Wrap', '1-023', 1),
            ('Poison Sting', '1-023', 10),
            ('Bite', '1-023', 17),
            ('Glare', '1-023', 24),
            ('Screech', '1-023', 31),
            ('Acid', '1-023', 38),
            ('Leer', '1-024', 1),
            ('Poison Sting', '1-024', 1),
            ('Wrap', '1-024', 1),
            ('Bite', '1-024', 17),
            ('Glare', '1-024', 27),
            ('Screech', '1-024', 36),
            ('Acid', '1-024', 47),
            ('Growl', '1-025', 1),
            ('ThunderShock', '1-025', 1),
            ('Thunder Wave', '1-025', 9),
            ('Quick Attack', '1-025', 16),
            ('Swift', '1-025', 26),
            ('Agility', '1-025', 33),
            ('Thunder', '1-025', 43),
            ('Growl', '1-026', 1),
            ('ThunderShock', '1-026', 1),
            ('Thunder Wave', '1-026', 1),
            ('Scratch', '1-027', 1),
            ('Sand-Attack', '1-027', 10),
            ('Slash', '1-027', 17),
            ('Poison Sting', '1-027', 24),
            ('Swift', '1-027', 31),
            ('Fury Swipes', '1-027', 38),
            ('Sand-Attack', '1-028', 1),
            ('Scratch', '1-028', 1),
            ('Slash', '1-028', 17),
            ('Poison Sting', '1-028', 27),
            ('Swift', '1-028', 36),
            ('Fury Swipes', '1-028', 47),
            ('Growl', '1-029', 1),
            ('Tackle', '1-029', 1),
            ('Scratch', '1-029', 8),
            ('Poison Sting', '1-029', 14),
            ('Tail Whip', '1-029', 21),
            ('Bite', '1-029', 29),
            ('Fury Swipes', '1-029', 36),
            ('Double Kick', '1-029', 43),
            ('Growl', '1-030', 1),
            ('Scratch', '1-030', 1),
            ('Tackle', '1-030', 1),
            ('Poison Sting', '1-030', 14),
            ('Tail Whip', '1-030', 23),
            ('Bite', '1-030', 32),
            ('Fury Swipes', '1-030', 41),
            ('Double Kick', '1-030', 50),
            ('Body Slam', '1-031', 1),
            ('Scratch', '1-031', 1),
            ('Tackle', '1-031', 1),
            ('Tail Whip', '1-031', 1),
            ('Poison Sting', '1-031', 14),
            ('Leer', '1-032', 1),
            ('Tackle', '1-032', 1),
            ('Horn Attack', '1-032', 8),
            ('Poison Sting', '1-032', 14),
            ('Focus Energy', '1-032', 21),
            ('Fury Attack', '1-032', 29),
            ('Horn Drill', '1-032', 36),
            ('Double Kick', '1-032', 43),
            ('Horn Attack', '1-033', 1),
            ('Leer', '1-033', 1),
            ('Tackle', '1-033', 1),
            ('Poison Sting', '1-033', 14),
            ('Focus Energy', '1-033', 23),
            ('Fury Attack', '1-033', 32),
            ('Horn Drill', '1-033', 41),
            ('Double Kick', '1-033', 50),
            ('Horn Attack', '1-034', 1),
            ('Poison Sting', '1-034', 1),
            ('Tackle', '1-034', 1),
            ('Thrash', '1-034', 1),
            ('Growl', '1-035', 1),
            ('Pound', '1-035', 1),
            ('Sing', '1-035', 13),
            ('DoubleSlap', '1-035', 18),
            ('Minimize', '1-035', 24),
            ('Metronome', '1-035', 31),
            ('Defense Curl', '1-035', 39),
            ('Light Screen', '1-035', 48),
            ('DoubleSlap', '1-036', 1),
            ('Metronome', '1-036', 1),
            ('Minimize', '1-036', 1),
            ('Sing', '1-036', 1),
            ('Ember', '1-037', 1),
            ('Tail Whip', '1-037', 1),
            ('Quick Attack', '1-037', 16),
            ('Roar', '1-037', 21),
            ('Confuse Ray', '1-037', 28),
            ('Flamethrower', '1-037', 35),
            ('Fire Spin', '1-037', 42),
            ('Ember', '1-038', 1),
            ('Quick Attack', '1-038', 1),
            ('Roar', '1-038', 1),
            ('Tail Whip', '1-038', 1),
            ('Sing', '1-039', 1),
            ('Pound', '1-039', 9),
            ('Disable', '1-039', 14),
            ('Defense Curl', '1-039', 19),
            ('DoubleSlap', '1-039', 24),
            ('Rest', '1-039', 29),
            ('Body Slam', '1-039', 34),
            ('Double-Edge', '1-039', 39),
            ('Defense Curl', '1-040', 1),
            ('Disable', '1-040', 1),
            ('DoubleSlap', '1-040', 1),
            ('Sing', '1-040', 1),
            ('Leech Life', '1-041', 1),
            ('Supersonic', '1-041', 10),
            ('Bite', '1-041', 15),
            ('Confuse Ray', '1-041', 21),
            ('Wing Attack', '1-041', 28),
            ('Haze', '1-041', 36),
            ('Bite', '1-042', 1),
            ('Leech Life', '1-042', 1),
            ('Screech', '1-042', 1),
            ('Supersonic', '1-042', 10),
            ('Confuse Ray', '1-042', 21),
            ('Wing Attack', '1-042', 32),
            ('Haze', '1-042', 43),
            ('Absorb', '1-043', 1),
            ('PoisonPowder', '1-043', 15),
            ('Stun Spore', '1-043', 17),
            ('Sleep Powder', '1-043', 19),
            ('Acid', '1-043', 24),
            ('Petal Dance', '1-043', 33),
            ('SolarBeam', '1-043', 46),
            ('Absorb', '1-044', 1),
            ('PoisonPowder', '1-044', 1),
            ('Stun Spore', '1-044', 1),
            ('Sleep Powder', '1-044', 19),
            ('Acid', '1-044', 28),
            ('Petal Dance', '1-044', 38),
            ('SolarBeam', '1-044', 52),
            ('Acid', '1-045', 1),
            ('Petal Dance', '1-045', 1),
            ('Sleep Powder', '1-045', 1),
            ('Stun Spore', '1-045', 1),
            ('PoisonPowder', '1-045', 15),
            ('Scratch', '1-046', 1),
            ('Stun Spore', '1-046', 13),
            ('Leech Life', '1-046', 20),
            ('Spore', '1-046', 27),
            ('Slash', '1-046', 34),
            ('Growth', '1-046', 41),
            ('Leech Life', '1-047', 1),
            ('Scratch', '1-047', 1),
            ('Stun Spore', '1-047', 1),
            ('Spore', '1-047', 30),
            ('Slash', '1-047', 39),
            ('Growth', '1-047', 48),
            ('Disable', '1-048', 1),
            ('Tackle', '1-048', 1),
            ('PoisonPowder', '1-048', 24),
            ('Leech Life', '1-048', 27),
            ('Stun Spore', '1-048', 30),
            ('Psybeam', '1-048', 35),
            ('Sleep Powder', '1-048', 38),
            ('Psychic', '1-048', 43),
            ('Disable', '1-049', 1),
            ('Leech Life', '1-049', 1),
            ('PoisonPowder', '1-049', 1),
            ('Tackle', '1-049', 1),
            ('Stun Spore', '1-049', 30),
            ('Psybeam', '1-049', 38),
            ('Sleep Powder', '1-049', 43),
            ('Psychic', '1-049', 50),
            ('Scratch', '1-050', 1),
            ('Growl', '1-050', 15),
            ('Dig', '1-050', 19),
            ('Sand-Attack', '1-050', 24),
            ('Slash', '1-050', 31),
            ('Earthquake', '1-050', 40),
            ('Dig', '1-051', 1),
            ('Growl', '1-051', 1),
            ('Scratch', '1-051', 1),
            ('Sand-Attack', '1-051', 24),
            ('Slash', '1-051', 35),
            ('Earthquake', '1-051', 47),
            ('Growl', '1-052', 1),
            ('Scratch', '1-052', 1),
            ('Bite', '1-052', 12),
            ('Pay Day', '1-052', 17),
            ('Screech', '1-052', 24),
            ('Fury Swipes', '1-052', 33),
            ('Slash', '1-052', 44),
            ('Bite', '1-053', 1),
            ('Growl', '1-053', 1),
            ('Scratch', '1-053', 1),
            ('Screech', '1-053', 1),
            ('Pay Day', '1-053', 17),
            ('Fury Swipes', '1-053', 37),
            ('Slash', '1-053', 51),
            ('Scratch', '1-054', 1),
            ('Tail Whip', '1-054', 28),
            ('Disable', '1-054', 31),
            ('Confusion', '1-054', 36),
            ('Fury Swipes', '1-054', 43),
            ('Hydro Pump', '1-054', 52),
            ('Disable', '1-055', 1),
            ('Scratch', '1-055', 1),
            ('Tail Whip', '1-055', 1),
            ('Confusion', '1-055', 39),
            ('Fury Swipes', '1-055', 48),
            ('Hydro Pump', '1-055', 59),
            ('Leer', '1-056', 1),
            ('Scratch', '1-056', 1),
            ('Karate Chop', '1-056', 15),
            ('Fury Swipes', '1-056', 21),
            ('Focus Energy', '1-056', 27),
            ('Seismic Toss', '1-056', 33),
            ('Thrash', '1-056', 39),
            ('Fury Swipes', '1-057', 1),
            ('Karate Chop', '1-057', 1),
            ('Leer', '1-057', 1),
            ('Scratch', '1-057', 1),
            ('Focus Energy', '1-057', 27),
            ('Seismic Toss', '1-057', 37),
            ('Thrash', '1-057', 46),
            ('Bite', '1-058', 1),
            ('Roar', '1-058', 1),
            ('Ember', '1-058', 18),
            ('Leer', '1-058', 23),
            ('Take Down', '1-058', 30),
            ('Agility', '1-058', 39),
            ('Flamethrower', '1-058', 50),
            ('Ember', '1-059', 1),
            ('Leer', '1-059', 1),
            ('Roar', '1-059', 1),
            ('Take Down', '1-059', 1),
            ('Bubble', '1-060', 1),
            ('Hypnosis', '1-060', 16),
            ('Water Gun', '1-060', 19),
            ('DoubleSlap', '1-060', 25),
            ('Body Slam', '1-060', 31),
            ('Amnesia', '1-060', 38),
            ('Hydro Pump', '1-060', 45),
            ('Bubble', '1-061', 1),
            ('Hypnosis', '1-061', 1),
            ('Water Gun', '1-061', 1),
            ('DoubleSlap', '1-061', 26),
            ('Body Slam', '1-061', 33),
            ('Amnesia', '1-061', 41),
            ('Hydro Pump', '1-061', 49),
            ('Body Slam', '1-062', 1),
            ('DoubleSlap', '1-062', 1),
            ('Hypnosis', '1-062', 1),
            ('Water Gun', '1-062', 1),
            ('Teleport', '1-063', 1),
            ('Confusion', '1-064', 1),
            ('Disable', '1-064', 1),
            ('Teleport', '1-064', 1),
            ('Psybeam', '1-064', 27),
            ('Recover', '1-064', 31),
            ('Psychic', '1-064', 38),
            ('Reflect', '1-064', 42),
            ('Confusion', '1-065', 1),
            ('Disable', '1-065', 1),
            ('Teleport', '1-065', 1),
            ('Psybeam', '1-065', 27),
            ('Recover', '1-065', 31),
            ('Psychic', '1-065', 38),
            ('Reflect', '1-065', 42),
            ('Karate Chop', '1-066', 1),
            ('Low Kick', '1-066', 20),
            ('Leer', '1-066', 25),
            ('Focus Energy', '1-066', 32),
            ('Seismic Toss', '1-066', 39),
            ('Submission', '1-066', 46),
            ('Karate Chop', '1-067', 1),
            ('Leer', '1-067', 1),
            ('Low Kick', '1-067', 1),
            ('Focus Energy', '1-067', 36),
            ('Seismic Toss', '1-067', 44),
            ('Submission', '1-067', 52),
            ('Karate Chop', '1-068', 1),
            ('Leer', '1-068', 1),
            ('Low Kick', '1-068', 1),
            ('Focus Energy', '1-068', 36),
            ('Seismic Toss', '1-068', 44),
            ('Submission', '1-068', 52),
            ('Growth', '1-069', 1),
            ('Vine Whip', '1-069', 1),
            ('Wrap', '1-069', 13),
            ('PoisonPowder', '1-069', 15),
            ('Sleep Powder', '1-069', 18),
            ('Stun Spore', '1-069', 21),
            ('Acid', '1-069', 26),
            ('Razor Leaf', '1-069', 33),
            ('Slam', '1-069', 42),
            ('Growth', '1-070', 1),
            ('Vine Whip', '1-070', 1),
            ('Wrap', '1-070', 1),
            ('PoisonPowder', '1-070', 15),
            ('Sleep Powder', '1-070', 18),
            ('Stun Spore', '1-070', 23),
            ('Acid', '1-070', 29),
            ('Razor Leaf', '1-070', 38),
            ('Slam', '1-070', 49),
            ('Acid', '1-071', 1),
            ('Razor Leaf', '1-071', 1),
            ('Sleep Powder', '1-071', 1),
            ('Stun Spore', '1-071', 1),
            ('Wrap', '1-071', 13),
            ('PoisonPowder', '1-071', 15),
            ('Acid', '1-072', 1),
            ('Supersonic', '1-072', 7),
            ('Wrap', '1-072', 13),
            ('Poison Sting', '1-072', 18),
            ('Water Gun', '1-072', 22),
            ('Constrict', '1-072', 27),
            ('Barrier', '1-072', 33),
            ('Screech', '1-072', 40),
            ('Hydro Pump', '1-072', 48),
            ('Acid', '1-073', 1),
            ('Supersonic', '1-073', 1),
            ('Wrap', '1-073', 1),
            ('Poison Sting', '1-073', 18),
            ('Water Gun', '1-073', 22),
            ('Constrict', '1-073', 27),
            ('Barrier', '1-073', 35),
            ('Screech', '1-073', 43),
            ('Hydro Pump', '1-073', 50),
            ('Tackle', '1-074', 1),
            ('Defense Curl', '1-074', 11),
            ('Rock Throw', '1-074', 16),
            ('Selfdestruct', '1-074', 21),
            ('Harden', '1-074', 26),
            ('Earthquake', '1-074', 31),
            ('Explosion', '1-074', 36),
            ('Defense Curl', '1-075', 1),
            ('Tackle', '1-075', 1),
            ('Rock Throw', '1-075', 16),
            ('Selfdestruct', '1-075', 21),
            ('Harden', '1-075', 29),
            ('Earthquake', '1-075', 36),
            ('Explosion', '1-075', 43),
            ('Defense Curl', '1-076', 1),
            ('Tackle', '1-076', 1),
            ('Rock Throw', '1-076', 16),
            ('Selfdestruct', '1-076', 21),
            ('Harden', '1-076', 29),
            ('Earthquake', '1-076', 36),
            ('Explosion', '1-076', 43),
            ('Ember', '1-077', 1),
            ('Tail Whip', '1-077', 30),
            ('Stomp', '1-077', 32),
            ('Growl', '1-077', 35),
            ('Fire Spin', '1-077', 39),
            ('Take Down', '1-077', 43),
            ('Agility', '1-077', 48),
            ('Ember', '1-078', 1),
            ('Growl', '1-078', 1),
            ('Stomp', '1-078', 1),
            ('Tail Whip', '1-078', 1),
            ('Fire Spin', '1-078', 39),
            ('Take Down', '1-078', 47),
            ('Agility', '1-078', 55),
            ('Confusion', '1-079', 1),
            ('Disable', '1-079', 18),
            ('Headbutt', '1-079', 22),
            ('Growl', '1-079', 27),
            ('Water Gun', '1-079', 33),
            ('Amnesia', '1-079', 40),
            ('Psychic', '1-079', 48),
            ('Confusion', '1-080', 1),
            ('Disable', '1-080', 1),
            ('Headbutt', '1-080', 1),
            ('Growl', '1-080', 27),
            ('Water Gun', '1-080', 33),
            ('Withdraw', '1-080', 37),
            ('Amnesia', '1-080', 44),
            ('Psychic', '1-080', 55),
            ('Tackle', '1-081', 1),
            ('SonicBoom', '1-081', 21),
            ('ThunderShock', '1-081', 25),
            ('Supersonic', '1-081', 29),
            ('Thunder Wave', '1-081', 35),
            ('Swift', '1-081', 41),
            ('Screech', '1-081', 47),
            ('SonicBoom', '1-082', 1),
            ('Tackle', '1-082', 1),
            ('ThunderShock', '1-082', 1),
            ('Supersonic', '1-082', 29),
            ('Thunder Wave', '1-082', 38),
            ('Swift', '1-082', 46),
            ('Screech', '1-082', 54),
            ('Peck', '1-083', 1),
            ('Sand-Attack', '1-083', 1),
            ('Leer', '1-083', 7),
            ('Fury Attack', '1-083', 15),
            ('Swords Dance', '1-083', 23),
            ('Agility', '1-083', 31),
            ('Slash', '1-083', 39),
            ('Peck', '1-084', 1),
            ('Growl', '1-084', 20),
            ('Fury Attack', '1-084', 24),
            ('Drill Peck', '1-084', 30),
            ('Rage', '1-084', 36),
            ('Tri Attack', '1-084', 40),
            ('Agility', '1-084', 44),
            ('Fury Attack', '1-085', 1),
            ('Growl', '1-085', 1),
            ('Peck', '1-085', 1),
            ('Drill Peck', '1-085', 30),
            ('Rage', '1-085', 39),
            ('Tri Attack', '1-085', 45),
            ('Agility', '1-085', 51),
            ('Headbutt', '1-086', 1),
            ('Growl', '1-086', 30),
            ('Aurora Beam', '1-086', 35),
            ('Rest', '1-086', 40),
            ('Take Down', '1-086', 45),
            ('Ice Beam', '1-086', 50),
            ('Aurora Beam', '1-087', 1),
            ('Growl', '1-087', 1),
            ('Headbutt', '1-087', 1),
            ('Rest', '1-087', 44),
            ('Take Down', '1-087', 50),
            ('Ice Beam', '1-087', 56),
            ('Disable', '1-088', 1),
            ('Pound', '1-088', 1),
            ('Poison Gas', '1-088', 30),
            ('Minimize', '1-088', 33),
            ('Sludge', '1-088', 37),
            ('Harden', '1-088', 42),
            ('Screech', '1-088', 48),
            ('Acid Armor', '1-088', 55),
            ('Disable', '1-089', 1),
            ('Poison Gas', '1-089', 1),
            ('Pound', '1-089', 1),
            ('Minimize', '1-089', 33),
            ('Sludge', '1-089', 37),
            ('Harden', '1-089', 45),
            ('Screech', '1-089', 53),
            ('Acid Armor', '1-089', 60),
            ('Tackle', '1-090', 1),
            ('Withdraw', '1-090', 1),
            ('Supersonic', '1-090', 18),
            ('Clamp', '1-090', 23),
            ('Aurora Beam', '1-090', 30),
            ('Leer', '1-090', 39),
            ('Ice Beam', '1-090', 50),
            ('Aurora Beam', '1-091', 1),
            ('Clamp', '1-091', 1),
            ('Supersonic', '1-091', 1),
            ('Withdraw', '1-091', 1),
            ('Spike Cannon', '1-091', 50),
            ('Confuse Ray', '1-092', 1),
            ('Lick', '1-092', 1),
            ('Night Shade', '1-092', 1),
            ('Hypnosis', '1-092', 27),
            ('Dream Eater', '1-092', 35),
            ('Confuse Ray', '1-093', 1),
            ('Lick', '1-093', 1),
            ('Night Shade', '1-093', 1),
            ('Hypnosis', '1-093', 29),
            ('Dream Eater', '1-093', 38),
            ('Confuse Ray', '1-094', 1),
            ('Lick', '1-094', 1),
            ('Night Shade', '1-094', 1),
            ('Hypnosis', '1-094', 29),
            ('Dream Eater', '1-094', 38),
            ('Screech', '1-095', 1),
            ('Tackle', '1-095', 1),
            ('Bind', '1-095', 15),
            ('Rock Throw', '1-095', 19),
            ('Rage', '1-095', 25),
            ('Slam', '1-095', 33),
            ('Harden', '1-095', 43),
            ('Hypnosis', '1-096', 1),
            ('Pound', '1-096', 1),
            ('Disable', '1-096', 12),
            ('Confusion', '1-096', 17),
            ('Headbutt', '1-096', 24),
            ('Poison Gas', '1-096', 29),
            ('Psychic', '1-096', 32),
            ('Meditate', '1-096', 37),
            ('Confusion', '1-097', 1),
            ('Disable', '1-097', 1),
            ('Hypnosis', '1-097', 1),
            ('Pound', '1-097', 1),
            ('Headbutt', '1-097', 24),
            ('Poison Gas', '1-097', 33),
            ('Psychic', '1-097', 37),
            ('Meditate', '1-097', 43),
            ('Bubble', '1-098', 1),
            ('Leer', '1-098', 1),
            ('ViceGrip', '1-098', 20),
            ('Guillotine', '1-098', 25),
            ('Stomp', '1-098', 30),
            ('Crabhammer', '1-098', 35),
            ('Harden', '1-098', 40),
            ('Bubble', '1-099', 1),
            ('Leer', '1-099', 1),
            ('ViceGrip', '1-099', 1),
            ('Guillotine', '1-099', 25),
            ('Stomp', '1-099', 34),
            ('Crabhammer', '1-099', 42),
            ('Harden', '1-099', 49),
            ('Screech', '1-100', 1),
            ('Tackle', '1-100', 1),
            ('SonicBoom', '1-100', 17),
            ('Selfdestruct', '1-100', 22),
            ('Light Screen', '1-100', 29),
            ('Swift', '1-100', 36),
            ('Explosion', '1-100', 43),
            ('Screech', '1-101', 1),
            ('SonicBoom', '1-101', 1),
            ('Tackle', '1-101', 1),
            ('Selfdestruct', '1-101', 22),
            ('Light Screen', '1-101', 29),
            ('Swift', '1-101', 40),
            ('Explosion', '1-101', 50),
            ('Barrage', '1-102', 1),
            ('Hypnosis', '1-102', 1),
            ('Reflect', '1-102', 25),
            ('Leech Seed', '1-102', 28),
            ('Stun Spore', '1-102', 32),
            ('PoisonPowder', '1-102', 37),
            ('SolarBeam', '1-102', 42),
            ('Sleep Powder', '1-102', 48),
            ('Barrage', '1-103', 1),
            ('Hypnosis', '1-103', 1),
            ('Stomp', '1-103', 28),
            ('Bone Club', '1-104', 1),
            ('Growl', '1-104', 1),
            ('Leer', '1-104', 25),
            ('Focus Energy', '1-104', 31),
            ('Thrash', '1-104', 38),
            ('Bonemerang', '1-104', 43),
            ('Rage', '1-104', 46),
            ('Bone Club', '1-105', 1),
            ('Focus Energy', '1-105', 1),
            ('Growl', '1-105', 1),
            ('Leer', '1-105', 1),
            ('Thrash', '1-105', 41),
            ('Bonemerang', '1-105', 48),
            ('Rage', '1-105', 55),
            ('Double Kick', '1-106', 1),
            ('Meditate', '1-106', 1),
            ('Rolling Kick', '1-106', 33),
            ('Jump Kick', '1-106', 38),
            ('Focus Energy', '1-106', 43),
            ('Hi Jump Kick', '1-106', 48),
            ('Mega Kick', '1-106', 53),
            ('Agility', '1-107', 1),
            ('Comet Punch', '1-107', 1),
            ('Fire Punch', '1-107', 33),
            ('Ice Punch', '1-107', 38),
            ('ThunderPunch', '1-107', 43),
            ('Mega Punch', '1-107', 48),
            ('Counter', '1-107', 53),
            ('Supersonic', '1-108', 1),
            ('Wrap', '1-108', 1),
            ('Stomp', '1-108', 7),
            ('Disable', '1-108', 15),
            ('Defense Curl', '1-108', 23),
            ('Slam', '1-108', 31),
            ('Screech', '1-108', 39),
            ('Smog', '1-109', 1),
            ('Tackle', '1-109', 1),
            ('Sludge', '1-109', 32),
            ('SmokeScreen', '1-109', 37),
            ('Selfdestruct', '1-109', 40),
            ('Haze', '1-109', 45),
            ('Explosion', '1-109', 48),
            ('Sludge', '1-110', 1),
            ('Smog', '1-110', 1),
            ('Tackle', '1-110', 1),
            ('SmokeScreen', '1-110', 39),
            ('Selfdestruct', '1-110', 43),
            ('Haze', '1-110', 49),
            ('Explosion', '1-110', 53),
            ('Horn Attack', '1-111', 1),
            ('Stomp', '1-111', 30),
            ('Tail Whip', '1-111', 35),
            ('Fury Attack', '1-111', 40),
            ('Horn Drill', '1-111', 45),
            ('Leer', '1-111', 50),
            ('Take Down', '1-111', 55),
            ('Fury Attack', '1-112', 1),
            ('Horn Attack', '1-112', 1),
            ('Stomp', '1-112', 1),
            ('Tail Whip', '1-112', 1),
            ('Horn Drill', '1-112', 48),
            ('Leer', '1-112', 55),
            ('Take Down', '1-112', 64),
            ('DoubleSlap', '1-113', 1),
            ('Pound', '1-113', 1),
            ('Sing', '1-113', 24),
            ('Growl', '1-113', 30),
            ('Minimize', '1-113', 38),
            ('Defense Curl', '1-113', 44),
            ('Light Screen', '1-113', 48),
            ('Double-Edge', '1-113', 54),
            ('Bind', '1-114', 1),
            ('Constrict', '1-114', 1),
            ('Absorb', '1-114', 29),
            ('PoisonPowder', '1-114', 32),
            ('Stun Spore', '1-114', 36),
            ('Sleep Powder', '1-114', 39),
            ('Slam', '1-114', 45),
            ('Growth', '1-114', 49),
            ('Comet Punch', '1-115', 1),
            ('Rage', '1-115', 1),
            ('Bite', '1-115', 26),
            ('Tail Whip', '1-115', 31),
            ('Mega Punch', '1-115', 36),
            ('Leer', '1-115', 41),
            ('Dizzy Punch', '1-115', 46),
            ('Bubble', '1-116', 1),
            ('SmokeScreen', '1-116', 19),
            ('Leer', '1-116', 24),
            ('Water Gun', '1-116', 30),
            ('Agility', '1-116', 37),
            ('Hydro Pump', '1-116', 45),
            ('Bubble', '1-117', 1),
            ('SmokeScreen', '1-117', 1),
            ('Leer', '1-117', 24),
            ('Water Gun', '1-117', 30),
            ('Agility', '1-117', 41),
            ('Hydro Pump', '1-117', 52),
            ('Peck', '1-118', 1),
            ('Tail Whip', '1-118', 1),
            ('Supersonic', '1-118', 19),
            ('Horn Attack', '1-118', 24),
            ('Fury Attack', '1-118', 30),
            ('Waterfall', '1-118', 37),
            ('Horn Drill', '1-118', 45),
            ('Agility', '1-118', 54),
            ('Peck', '1-119', 1),
            ('Supersonic', '1-119', 1),
            ('Tail Whip', '1-119', 1),
            ('Horn Attack', '1-119', 24),
            ('Fury Attack', '1-119', 30),
            ('Waterfall', '1-119', 39),
            ('Horn Drill', '1-119', 48),
            ('Agility', '1-119', 54),
            ('Tackle', '1-120', 1),
            ('Water Gun', '1-120', 17),
            ('Harden', '1-120', 22),
            ('Recover', '1-120', 27),
            ('Swift', '1-120', 32),
            ('Minimize', '1-120', 37),
            ('Light Screen', '1-120', 42),
            ('Hydro Pump', '1-120', 47),
            ('Harden', '1-121', 1),
            ('Tackle', '1-121', 1),
            ('Water Gun', '1-121', 1),
            ('Barrier', '1-122', 1),
            ('Confusion', '1-122', 1),
            ('Light Screen', '1-122', 23),
            ('DoubleSlap', '1-122', 31),
            ('Meditate', '1-122', 39),
            ('Substitute', '1-122', 47),
            ('Quick Attack', '1-123', 1),
            ('Leer', '1-123', 17),
            ('Focus Energy', '1-123', 20),
            ('Double Team', '1-123', 24),
            ('Slash', '1-123', 29),
            ('Swords Dance', '1-123', 35),
            ('Agility', '1-123', 42),
            ('Lovely Kiss', '1-124', 1),
            ('Pound', '1-124', 1),
            ('Lick', '1-124', 18),
            ('DoubleSlap', '1-124', 23),
            ('Ice Punch', '1-124', 31),
            ('Body Slam', '1-124', 39),
            ('Thrash', '1-124', 47),
            ('Blizzard', '1-124', 58),
            ('Leer', '1-125', 1),
            ('Quick Attack', '1-125', 1),
            ('ThunderShock', '1-125', 34),
            ('Screech', '1-125', 37),
            ('ThunderPunch', '1-125', 42),
            ('Light Screen', '1-125', 49),
            ('Thunder', '1-125', 54),
            ('Ember', '1-126', 1),
            ('Leer', '1-126', 36),
            ('Confuse Ray', '1-126', 39),
            ('Fire Punch', '1-126', 43),
            ('SmokeScreen', '1-126', 48),
            ('Smog', '1-126', 52),
            ('Flamethrower', '1-126', 55),
            ('ViceGrip', '1-127', 1),
            ('Seismic Toss', '1-127', 25),
            ('Guillotine', '1-127', 30),
            ('Focus Energy', '1-127', 36),
            ('Harden', '1-127', 43),
            ('Slash', '1-127', 49),
            ('Swords Dance', '1-127', 54),
            ('Tackle', '1-128', 1),
            ('Stomp', '1-128', 21),
            ('Tail Whip', '1-128', 28),
            ('Leer', '1-128', 35),
            ('Rage', '1-128', 44),
            ('Take Down', '1-128', 51),
            ('Splash', '1-129', 1),
            ('Tackle', '1-129', 15),
            ('Bite', '1-130', 1),
            ('Dragon Rage', '1-130', 1),
            ('Hydro Pump', '1-130', 1),
            ('Leer', '1-130', 1),
            ('Hyper Beam', '1-130', 52),
            ('Growl', '1-131', 1),
            ('Water Gun', '1-131', 1),
            ('Sing', '1-131', 16),
            ('Mist', '1-131', 20),
            ('Body Slam', '1-131', 25),
            ('Confuse Ray', '1-131', 31),
            ('Ice Beam', '1-131', 38),
            ('Hydro Pump', '1-131', 46),
            ('Transform', '1-132', 1),
            ('Sand-Attack', '1-133', 1),
            ('Tackle', '1-133', 1),
            ('Quick Attack', '1-133', 27),
            ('Tail Whip', '1-133', 31),
            ('Bite', '1-133', 37),
            ('Take Down', '1-133', 45),
            ('Quick Attack', '1-134', 1),
            ('Sand-Attack', '1-134', 1),
            ('Tackle', '1-134', 1),
            ('Water Gun', '1-134', 1),
            ('Tail Whip', '1-134', 37),
            ('Bite', '1-134', 40),
            ('Acid Armor', '1-134', 42),
            ('Haze', '1-134', 44),
            ('Mist', '1-134', 48),
            ('Hydro Pump', '1-134', 54),
            ('Quick Attack', '1-135', 1),
            ('Sand-Attack', '1-135', 1),
            ('Tackle', '1-135', 1),
            ('ThunderShock', '1-135', 1),
            ('Tail Whip', '1-135', 37),
            ('Thunder Wave', '1-135', 40),
            ('Double Kick', '1-135', 42),
            ('Agility', '1-135', 44),
            ('Pin Missile', '1-135', 48),
            ('Thunder', '1-135', 54),
            ('Ember', '1-136', 1),
            ('Quick Attack', '1-136', 1),
            ('Sand-Attack', '1-136', 1),
            ('Tackle', '1-136', 1),
            ('Tail Whip', '1-136', 37),
            ('Bite', '1-136', 40),
            ('Leer', '1-136', 42),
            ('Fire Spin', '1-136', 44),
            ('Rage', '1-136', 48),
            ('Flamethrower', '1-136', 54),
            ('Conversion', '1-137', 1),
            ('Sharpen', '1-137', 1),
            ('Tackle', '1-137', 1),
            ('Psybeam', '1-137', 23),
            ('Recover', '1-137', 28),
            ('Agility', '1-137', 35),
            ('Tri Attack', '1-137', 42),
            ('Water Gun', '1-138', 1),
            ('Withdraw', '1-138', 1),
            ('Horn Attack', '1-138', 34),
            ('Leer', '1-138', 39),
            ('Spike Cannon', '1-138', 46),
            ('Hydro Pump', '1-138', 53),
            ('Horn Attack', '1-139', 1),
            ('Water Gun', '1-139', 1),
            ('Withdraw', '1-139', 1),
            ('Leer', '1-139', 39),
            ('Spike Cannon', '1-139', 44),
            ('Hydro Pump', '1-139', 49),
            ('Harden', '1-140', 1),
            ('Scratch', '1-140', 1),
            ('Absorb', '1-140', 34),
            ('Slash', '1-140', 39),
            ('Leer', '1-140', 44),
            ('Hydro Pump', '1-140', 49),
            ('Absorb', '1-141', 1),
            ('Harden', '1-141', 1),
            ('Scratch', '1-141', 1),
            ('Slash', '1-141', 39),
            ('Leer', '1-141', 46),
            ('Hydro Pump', '1-141', 53),
            ('Agility', '1-142', 1),
            ('Wing Attack', '1-142', 1),
            ('Supersonic', '1-142', 33),
            ('Bite', '1-142', 38),
            ('Take Down', '1-142', 45),
            ('Hyper Beam', '1-142', 54),
            ('Amnesia', '1-143', 1),
            ('Headbutt', '1-143', 1),
            ('Rest', '1-143', 1),
            ('Body Slam', '1-143', 35),
            ('Harden', '1-143', 41),
            ('Double-Edge', '1-143', 48),
            ('Hyper Beam', '1-143', 56),
            ('Ice Beam', '1-144', 1),
            ('Peck', '1-144', 1),
            ('Blizzard', '1-144', 51),
            ('Agility', '1-144', 55),
            ('Mist', '1-144', 60),
            ('Drill Peck', '1-145', 1),
            ('ThunderShock', '1-145', 1),
            ('Thunder', '1-145', 51),
            ('Agility', '1-145', 55),
            ('Light Screen', '1-145', 60),
            ('Fire Spin', '1-146', 1),
            ('Peck', '1-146', 1),
            ('Leer', '1-146', 51),
            ('Agility', '1-146', 55),
            ('Sky Attack', '1-146', 60),
            ('Leer', '1-147', 1),
            ('Wrap', '1-147', 1),
            ('Thunder Wave', '1-147', 10),
            ('Agility', '1-147', 20),
            ('Slam', '1-147', 30),
            ('Dragon Rage', '1-147', 40),
            ('Hyper Beam', '1-147', 50),
            ('Leer', '1-148', 1),
            ('Thunder Wave', '1-148', 1),
            ('Wrap', '1-148', 1),
            ('Agility', '1-148', 20),
            ('Slam', '1-148', 35),
            ('Dragon Rage', '1-148', 45),
            ('Hyper Beam', '1-148', 55),
            ('Agility', '1-149', 1),
            ('Leer', '1-149', 1),
            ('Thunder Wave', '1-149', 1),
            ('Wrap', '1-149', 1),
            ('Slam', '1-149', 35),
            ('Dragon Rage', '1-149', 45),
            ('Hyper Beam', '1-149', 60),
            ('Confusion', '1-150', 1),
            ('Disable', '1-150', 1),
            ('Psychic', '1-150', 1),
            ('Swift', '1-150', 1),
            ('Barrier', '1-150', 63),
            ('Recover', '1-150', 70),
            ('Mist', '1-150', 75),
            ('Amnesia', '1-150', 81),
            ('Pound', '1-151', 1),
            ('Transform', '1-151', 10),
            ('Mega Punch', '1-151', 20),
            ('Metronome', '1-151', 30),
            ('Psychic', '1-151', 40);

INSERT INTO Accesses(MoveName, PokeID)
VALUES      ('Swords Dance', '1-001'),
            ('Toxic', '1-001'),
            ('Body Slam', '1-001'),
            ('Take Down', '1-001'),
            ('Double-Edge', '1-001'),
            ('Rage', '1-001'),
            ('Mega Drain', '1-001'),
            ('SolarBeam', '1-001'),
            ('Mimic', '1-001'),
            ('Double Team', '1-001'),
            ('Reflect', '1-001'),
            ('Bide', '1-001'),
            ('Rest', '1-001'),
            ('Substitute', '1-001'),
            ('Cut', '1-001'),
            ('Swords Dance', '1-002'),
            ('Toxic', '1-002'),
            ('Body Slam', '1-002'),
            ('Take Down', '1-002'),
            ('Double-Edge', '1-002'),
            ('Rage', '1-002'),
            ('Mega Drain', '1-002'),
            ('SolarBeam', '1-002'),
            ('Mimic', '1-002'),
            ('Double Team', '1-002'),
            ('Reflect', '1-002'),
            ('Bide', '1-002'),
            ('Rest', '1-002'),
            ('Substitute', '1-002'),
            ('Cut', '1-002'),
            ('Swords Dance', '1-003'),
            ('Toxic', '1-003'),
            ('Body Slam', '1-003'),
            ('Take Down', '1-003'),
            ('Double-Edge', '1-003'),
            ('Hyper Beam', '1-003'),
            ('Rage', '1-003'),
            ('Mega Drain', '1-003'),
            ('SolarBeam', '1-003'),
            ('Mimic', '1-003'),
            ('Double Team', '1-003'),
            ('Reflect', '1-003'),
            ('Bide', '1-003'),
            ('Rest', '1-003'),
            ('Substitute', '1-003'),
            ('Cut', '1-003'),
            ('Mega Punch', '1-004'),
            ('Swords Dance', '1-004'),
            ('Mega Kick', '1-004'),
            ('Toxic', '1-004'),
            ('Body Slam', '1-004'),
            ('Take Down', '1-004'),
            ('Double-Edge', '1-004'),
            ('Submission', '1-004'),
            ('Counter', '1-004'),
            ('Seismic Toss', '1-004'),
            ('Rage', '1-004'),
            ('Dragon Rage', '1-004'),
            ('Dig', '1-004'),
            ('Mimic', '1-004'),
            ('Double Team', '1-004'),
            ('Reflect', '1-004'),
            ('Bide', '1-004'),
            ('Fire Blast', '1-004'),
            ('Swift', '1-004'),
            ('Skull Bash', '1-004'),
            ('Rest', '1-004'),
            ('Substitute', '1-004'),
            ('Cut', '1-004'),
            ('Strength', '1-004'),
            ('Mega Punch', '1-005'),
            ('Swords Dance', '1-005'),
            ('Mega Kick', '1-005'),
            ('Toxic', '1-005'),
            ('Body Slam', '1-005'),
            ('Take Down', '1-005'),
            ('Double-Edge', '1-005'),
            ('Submission', '1-005'),
            ('Counter', '1-005'),
            ('Seismic Toss', '1-005'),
            ('Rage', '1-005'),
            ('Dragon Rage', '1-005'),
            ('Dig', '1-005'),
            ('Mimic', '1-005'),
            ('Double Team', '1-005'),
            ('Reflect', '1-005'),
            ('Bide', '1-005'),
            ('Fire Blast', '1-005'),
            ('Swift', '1-005'),
            ('Skull Bash', '1-005'),
            ('Rest', '1-005'),
            ('Substitute', '1-005'),
            ('Cut', '1-005'),
            ('Strength', '1-005'),
            ('Mega Punch', '1-006'),
            ('Swords Dance', '1-006'),
            ('Mega Kick', '1-006'),
            ('Toxic', '1-006'),
            ('Body Slam', '1-006'),
            ('Take Down', '1-006'),
            ('Double-Edge', '1-006'),
            ('Hyper Beam', '1-006'),
            ('Submission', '1-006'),
            ('Counter', '1-006'),
            ('Seismic Toss', '1-006'),
            ('Rage', '1-006'),
            ('Dragon Rage', '1-006'),
            ('Earthquake', '1-006'),
            ('Fissure', '1-006'),
            ('Dig', '1-006'),
            ('Mimic', '1-006'),
            ('Double Team', '1-006'),
            ('Reflect', '1-006'),
            ('Bide', '1-006'),
            ('Fire Blast', '1-006'),
            ('Swift', '1-006'),
            ('Skull Bash', '1-006'),
            ('Rest', '1-006'),
            ('Substitute', '1-006'),
            ('Cut', '1-006'),
            ('Strength', '1-006'),
            ('Mega Punch', '1-007'),
            ('Mega Kick', '1-007'),
            ('Toxic', '1-007'),
            ('Body Slam', '1-007'),
            ('Take Down', '1-007'),
            ('Double-Edge', '1-007'),
            ('BubbleBeam', '1-007'),
            ('Water Gun', '1-007'),
            ('Ice Beam', '1-007'),
            ('Blizzard', '1-007'),
            ('Submission', '1-007'),
            ('Counter', '1-007'),
            ('Seismic Toss', '1-007'),
            ('Rage', '1-007'),
            ('Dig', '1-007'),
            ('Mimic', '1-007'),
            ('Double Team', '1-007'),
            ('Reflect', '1-007'),
            ('Bide', '1-007'),
            ('Skull Bash', '1-007'),
            ('Rest', '1-007'),
            ('Substitute', '1-007'),
            ('Surf', '1-007'),
            ('Strength', '1-007'),
            ('Mega Punch', '1-008'),
            ('Mega Kick', '1-008'),
            ('Toxic', '1-008'),
            ('Body Slam', '1-008'),
            ('Take Down', '1-008'),
            ('Double-Edge', '1-008'),
            ('BubbleBeam', '1-008'),
            ('Water Gun', '1-008'),
            ('Ice Beam', '1-008'),
            ('Blizzard', '1-008'),
            ('Submission', '1-008'),
            ('Counter', '1-008'),
            ('Seismic Toss', '1-008'),
            ('Rage', '1-008'),
            ('Dig', '1-008'),
            ('Mimic', '1-008'),
            ('Double Team', '1-008'),
            ('Reflect', '1-008'),
            ('Bide', '1-008'),
            ('Skull Bash', '1-008'),
            ('Rest', '1-008'),
            ('Substitute', '1-008'),
            ('Surf', '1-008'),
            ('Strength', '1-008'),
            ('Mega Punch', '1-009'),
            ('Mega Kick', '1-009'),
            ('Toxic', '1-009'),
            ('Body Slam', '1-009'),
            ('Take Down', '1-009'),
            ('Double-Edge', '1-009'),
            ('BubbleBeam', '1-009'),
            ('Water Gun', '1-009'),
            ('Ice Beam', '1-009'),
            ('Blizzard', '1-009'),
            ('Hyper Beam', '1-009'),
            ('Submission', '1-009'),
            ('Counter', '1-009'),
            ('Seismic Toss', '1-009'),
            ('Rage', '1-009'),
            ('Earthquake', '1-009'),
            ('Fissure', '1-009'),
            ('Dig', '1-009'),
            ('Mimic', '1-009'),
            ('Double Team', '1-009'),
            ('Reflect', '1-009'),
            ('Bide', '1-009'),
            ('Skull Bash', '1-009'),
            ('Rest', '1-009'),
            ('Substitute', '1-009'),
            ('Surf', '1-009'),
            ('Strength', '1-009'),
            ('Razor Wind', '1-012'),
            ('Whirlwind', '1-012'),
            ('Toxic', '1-012'),
            ('Take Down', '1-012'),
            ('Double-Edge', '1-012'),
            ('Hyper Beam', '1-012'),
            ('Rage', '1-012'),
            ('Mega Drain', '1-012'),
            ('SolarBeam', '1-012'),
            ('Psychic', '1-012'),
            ('Teleport', '1-012'),
            ('Mimic', '1-012'),
            ('Double Team', '1-012'),
            ('Reflect', '1-012'),
            ('Bide', '1-012'),
            ('Swift', '1-012'),
            ('Rest', '1-012'),
            ('Psywave', '1-012'),
            ('Substitute', '1-012'),
            ('Flash', '1-012'),
            ('Swords Dance', '1-015'),
            ('Toxic', '1-015'),
            ('Take Down', '1-015'),
            ('Double-Edge', '1-015'),
            ('Hyper Beam', '1-015'),
            ('Rage', '1-015'),
            ('Mega Drain', '1-015'),
            ('Mimic', '1-015'),
            ('Double Team', '1-015'),
            ('Reflect', '1-015'),
            ('Bide', '1-015'),
            ('Swift', '1-015'),
            ('Skull Bash', '1-015'),
            ('Rest', '1-015'),
            ('Substitute', '1-015'),
            ('Cut', '1-015'),
            ('Razor Wind', '1-016'),
            ('Whirlwind', '1-016'),
            ('Toxic', '1-016'),
            ('Take Down', '1-016'),
            ('Double-Edge', '1-016'),
            ('Rage', '1-016'),
            ('Mimic', '1-016'),
            ('Double Team', '1-016'),
            ('Reflect', '1-016'),
            ('Bide', '1-016'),
            ('Swift', '1-016'),
            ('Sky Attack', '1-016'),
            ('Rest', '1-016'),
            ('Substitute', '1-016'),
            ('Fly', '1-016'),
            ('Razor Wind', '1-017'),
            ('Whirlwind', '1-017'),
            ('Toxic', '1-017'),
            ('Take Down', '1-017'),
            ('Double-Edge', '1-017'),
            ('Rage', '1-017'),
            ('Mimic', '1-017'),
            ('Double Team', '1-017'),
            ('Reflect', '1-017'),
            ('Bide', '1-017'),
            ('Swift', '1-017'),
            ('Sky Attack', '1-017'),
            ('Rest', '1-017'),
            ('Substitute', '1-017'),
            ('Fly', '1-017'),
            ('Razor Wind', '1-018'),
            ('Whirlwind', '1-018'),
            ('Toxic', '1-018'),
            ('Take Down', '1-018'),
            ('Double-Edge', '1-018'),
            ('Hyper Beam', '1-018'),
            ('Rage', '1-018'),
            ('Mimic', '1-018'),
            ('Double Team', '1-018'),
            ('Reflect', '1-018'),
            ('Bide', '1-018'),
            ('Swift', '1-018'),
            ('Sky Attack', '1-018'),
            ('Rest', '1-018'),
            ('Substitute', '1-018'),
            ('Fly', '1-018'),
            ('Toxic', '1-019'),
            ('Body Slam', '1-019'),
            ('Take Down', '1-019'),
            ('Double-Edge', '1-019'),
            ('BubbleBeam', '1-019'),
            ('Water Gun', '1-019'),
            ('Blizzard', '1-019'),
            ('Rage', '1-019'),
            ('Thunderbolt', '1-019'),
            ('Thunder', '1-019'),
            ('Dig', '1-019'),
            ('Mimic', '1-019'),
            ('Double Team', '1-019'),
            ('Bide', '1-019'),
            ('Swift', '1-019'),
            ('Skull Bash', '1-019'),
            ('Rest', '1-019'),
            ('Substitute', '1-019'),
            ('Toxic', '1-020'),
            ('Body Slam', '1-020'),
            ('Take Down', '1-020'),
            ('Double-Edge', '1-020'),
            ('BubbleBeam', '1-020'),
            ('Water Gun', '1-020'),
            ('Ice Beam', '1-020'),
            ('Blizzard', '1-020'),
            ('Hyper Beam', '1-020'),
            ('Rage', '1-020'),
            ('Thunderbolt', '1-020'),
            ('Thunder', '1-020'),
            ('Dig', '1-020'),
            ('Mimic', '1-020'),
            ('Double Team', '1-020'),
            ('Bide', '1-020'),
            ('Swift', '1-020'),
            ('Skull Bash', '1-020'),
            ('Rest', '1-020'),
            ('Substitute', '1-020'),
            ('Razor Wind', '1-021'),
            ('Whirlwind', '1-021'),
            ('Toxic', '1-021'),
            ('Take Down', '1-021'),
            ('Double-Edge', '1-021'),
            ('Rage', '1-021'),
            ('Mimic', '1-021'),
            ('Double Team', '1-021'),
            ('Bide', '1-021'),
            ('Swift', '1-021'),
            ('Sky Attack', '1-021'),
            ('Rest', '1-021'),
            ('Substitute', '1-021'),
            ('Fly', '1-021'),
            ('Razor Wind', '1-022'),
            ('Whirlwind', '1-022'),
            ('Toxic', '1-022'),
            ('Take Down', '1-022'),
            ('Double-Edge', '1-022'),
            ('Hyper Beam', '1-022'),
            ('Rage', '1-022'),
            ('Mimic', '1-022'),
            ('Double Team', '1-022'),
            ('Bide', '1-022'),
            ('Swift', '1-022'),
            ('Sky Attack', '1-022'),
            ('Rest', '1-022'),
            ('Substitute', '1-022'),
            ('Fly', '1-022'),
            ('Toxic', '1-023'),
            ('Body Slam', '1-023'),
            ('Take Down', '1-023'),
            ('Double-Edge', '1-023'),
            ('Rage', '1-023'),
            ('Mega Drain', '1-023'),
            ('Earthquake', '1-023'),
            ('Fissure', '1-023'),
            ('Dig', '1-023'),
            ('Mimic', '1-023'),
            ('Double Team', '1-023'),
            ('Bide', '1-023'),
            ('Skull Bash', '1-023'),
            ('Rest', '1-023'),
            ('Rock Slide', '1-023'),
            ('Substitute', '1-023'),
            ('Strength', '1-023'),
            ('Toxic', '1-024'),
            ('Body Slam', '1-024'),
            ('Take Down', '1-024'),
            ('Double-Edge', '1-024'),
            ('Hyper Beam', '1-024'),
            ('Rage', '1-024'),
            ('Mega Drain', '1-024'),
            ('Earthquake', '1-024'),
            ('Fissure', '1-024'),
            ('Dig', '1-024'),
            ('Mimic', '1-024'),
            ('Double Team', '1-024'),
            ('Bide', '1-024'),
            ('Skull Bash', '1-024'),
            ('Rest', '1-024'),
            ('Rock Slide', '1-024'),
            ('Substitute', '1-024'),
            ('Strength', '1-024'),
            ('Mega Punch', '1-025'),
            ('Mega Kick', '1-025'),
            ('Toxic', '1-025'),
            ('Body Slam', '1-025'),
            ('Take Down', '1-025'),
            ('Double-Edge', '1-025'),
            ('Pay Day', '1-025'),
            ('Submission', '1-025'),
            ('Seismic Toss', '1-025'),
            ('Rage', '1-025'),
            ('Thunderbolt', '1-025'),
            ('Thunder', '1-025'),
            ('Mimic', '1-025'),
            ('Double Team', '1-025'),
            ('Reflect', '1-025'),
            ('Bide', '1-025'),
            ('Swift', '1-025'),
            ('Skull Bash', '1-025'),
            ('Rest', '1-025'),
            ('Thunder Wave', '1-025'),
            ('Substitute', '1-025'),
            ('Flash', '1-025'),
            ('Mega Punch', '1-026'),
            ('Mega Kick', '1-026'),
            ('Toxic', '1-026'),
            ('Body Slam', '1-026'),
            ('Take Down', '1-026'),
            ('Double-Edge', '1-026'),
            ('Hyper Beam', '1-026'),
            ('Pay Day', '1-026'),
            ('Submission', '1-026'),
            ('Seismic Toss', '1-026'),
            ('Rage', '1-026'),
            ('Thunderbolt', '1-026'),
            ('Thunder', '1-026'),
            ('Mimic', '1-026'),
            ('Double Team', '1-026'),
            ('Reflect', '1-026'),
            ('Bide', '1-026'),
            ('Swift', '1-026'),
            ('Skull Bash', '1-026'),
            ('Rest', '1-026'),
            ('Thunder Wave', '1-026'),
            ('Substitute', '1-026'),
            ('Flash', '1-026'),
            ('Swords Dance', '1-027'),
            ('Toxic', '1-027'),
            ('Body Slam', '1-027'),
            ('Take Down', '1-027'),
            ('Double-Edge', '1-027'),
            ('Submission', '1-027'),
            ('Seismic Toss', '1-027'),
            ('Rage', '1-027'),
            ('Earthquake', '1-027'),
            ('Fissure', '1-027'),
            ('Dig', '1-027'),
            ('Mimic', '1-027'),
            ('Double Team', '1-027'),
            ('Bide', '1-027'),
            ('Swift', '1-027'),
            ('Skull Bash', '1-027'),
            ('Rest', '1-027'),
            ('Rock Slide', '1-027'),
            ('Substitute', '1-027'),
            ('Cut', '1-027'),
            ('Strength', '1-027'),
            ('Swords Dance', '1-028'),
            ('Toxic', '1-028'),
            ('Body Slam', '1-028'),
            ('Take Down', '1-028'),
            ('Double-Edge', '1-028'),
            ('Hyper Beam', '1-028'),
            ('Submission', '1-028'),
            ('Seismic Toss', '1-028'),
            ('Rage', '1-028'),
            ('Earthquake', '1-028'),
            ('Fissure', '1-028'),
            ('Dig', '1-028'),
            ('Mimic', '1-028'),
            ('Double Team', '1-028'),
            ('Bide', '1-028'),
            ('Swift', '1-028'),
            ('Skull Bash', '1-028'),
            ('Rest', '1-028'),
            ('Rock Slide', '1-028'),
            ('Substitute', '1-028'),
            ('Cut', '1-028'),
            ('Strength', '1-028'),
            ('Toxic', '1-029'),
            ('Body Slam', '1-029'),
            ('Take Down', '1-029'),
            ('Double-Edge', '1-029'),
            ('Blizzard', '1-029'),
            ('Rage', '1-029'),
            ('Thunderbolt', '1-029'),
            ('Thunder', '1-029'),
            ('Mimic', '1-029'),
            ('Double Team', '1-029'),
            ('Reflect', '1-029'),
            ('Bide', '1-029'),
            ('Skull Bash', '1-029'),
            ('Rest', '1-029'),
            ('Substitute', '1-029'),
            ('Toxic', '1-030'),
            ('Horn Drill', '1-030'),
            ('Body Slam', '1-030'),
            ('Take Down', '1-030'),
            ('Double-Edge', '1-030'),
            ('BubbleBeam', '1-030'),
            ('Water Gun', '1-030'),
            ('Ice Beam', '1-030'),
            ('Blizzard', '1-030'),
            ('Rage', '1-030'),
            ('Thunderbolt', '1-030'),
            ('Thunder', '1-030'),
            ('Mimic', '1-030'),
            ('Double Team', '1-030'),
            ('Reflect', '1-030'),
            ('Bide', '1-030'),
            ('Skull Bash', '1-030'),
            ('Rest', '1-030'),
            ('Substitute', '1-030'),
            ('Mega Punch', '1-031'),
            ('Mega Kick', '1-031'),
            ('Toxic', '1-031'),
            ('Horn Drill', '1-031'),
            ('Body Slam', '1-031'),
            ('Take Down', '1-031'),
            ('Double-Edge', '1-031'),
            ('BubbleBeam', '1-031'),
            ('Water Gun', '1-031'),
            ('Ice Beam', '1-031'),
            ('Blizzard', '1-031'),
            ('Hyper Beam', '1-031'),
            ('Pay Day', '1-031'),
            ('Submission', '1-031'),
            ('Counter', '1-031'),
            ('Seismic Toss', '1-031'),
            ('Rage', '1-031'),
            ('Thunderbolt', '1-031'),
            ('Thunder', '1-031'),
            ('Earthquake', '1-031'),
            ('Fissure', '1-031'),
            ('Mimic', '1-031'),
            ('Double Team', '1-031'),
            ('Reflect', '1-031'),
            ('Bide', '1-031'),
            ('Fire Blast', '1-031'),
            ('Skull Bash', '1-031'),
            ('Rest', '1-031'),
            ('Rock Slide', '1-031'),
            ('Substitute', '1-031'),
            ('Surf', '1-031'),
            ('Strength', '1-031'),
            ('Toxic', '1-032'),
            ('Horn Drill', '1-032'),
            ('Body Slam', '1-032'),
            ('Take Down', '1-032'),
            ('Double-Edge', '1-032'),
            ('Blizzard', '1-032'),
            ('Rage', '1-032'),
            ('Thunderbolt', '1-032'),
            ('Thunder', '1-032'),
            ('Mimic', '1-032'),
            ('Double Team', '1-032'),
            ('Reflect', '1-032'),
            ('Bide', '1-032'),
            ('Skull Bash', '1-032'),
            ('Rest', '1-032'),
            ('Substitute', '1-032'),
            ('Toxic', '1-033'),
            ('Horn Drill', '1-033'),
            ('Body Slam', '1-033'),
            ('Take Down', '1-033'),
            ('Double-Edge', '1-033'),
            ('BubbleBeam', '1-033'),
            ('Water Gun', '1-033'),
            ('Ice Beam', '1-033'),
            ('Blizzard', '1-033'),
            ('Rage', '1-033'),
            ('Thunderbolt', '1-033'),
            ('Thunder', '1-033'),
            ('Mimic', '1-033'),
            ('Double Team', '1-033'),
            ('Reflect', '1-033'),
            ('Bide', '1-033'),
            ('Skull Bash', '1-033'),
            ('Rest', '1-033'),
            ('Substitute', '1-033'),
            ('Mega Punch', '1-034'),
            ('Mega Kick', '1-034'),
            ('Toxic', '1-034'),
            ('Horn Drill', '1-034'),
            ('Body Slam', '1-034'),
            ('Take Down', '1-034'),
            ('Double-Edge', '1-034'),
            ('BubbleBeam', '1-034'),
            ('Water Gun', '1-034'),
            ('Ice Beam', '1-034'),
            ('Blizzard', '1-034'),
            ('Hyper Beam', '1-034'),
            ('Pay Day', '1-034'),
            ('Submission', '1-034'),
            ('Counter', '1-034'),
            ('Seismic Toss', '1-034'),
            ('Rage', '1-034'),
            ('Thunderbolt', '1-034'),
            ('Thunder', '1-034'),
            ('Earthquake', '1-034'),
            ('Fissure', '1-034'),
            ('Mimic', '1-034'),
            ('Double Team', '1-034'),
            ('Reflect', '1-034'),
            ('Bide', '1-034'),
            ('Fire Blast', '1-034'),
            ('Skull Bash', '1-034'),
            ('Rest', '1-034'),
            ('Rock Slide', '1-034'),
            ('Substitute', '1-034'),
            ('Surf', '1-034'),
            ('Strength', '1-034'),
            ('Mega Punch', '1-035'),
            ('Mega Kick', '1-035'),
            ('Toxic', '1-035'),
            ('Body Slam', '1-035'),
            ('Take Down', '1-035'),
            ('Double-Edge', '1-035'),
            ('BubbleBeam', '1-035'),
            ('Water Gun', '1-035'),
            ('Ice Beam', '1-035'),
            ('Blizzard', '1-035'),
            ('Submission', '1-035'),
            ('Counter', '1-035'),
            ('Seismic Toss', '1-035'),
            ('Rage', '1-035'),
            ('SolarBeam', '1-035'),
            ('Thunderbolt', '1-035'),
            ('Thunder', '1-035'),
            ('Psychic', '1-035'),
            ('Teleport', '1-035'),
            ('Mimic', '1-035'),
            ('Double Team', '1-035'),
            ('Reflect', '1-035'),
            ('Bide', '1-035'),
            ('Metronome', '1-035'),
            ('Fire Blast', '1-035'),
            ('Skull Bash', '1-035'),
            ('Rest', '1-035'),
            ('Thunder Wave', '1-035'),
            ('Psywave', '1-035'),
            ('Tri Attack', '1-035'),
            ('Substitute', '1-035'),
            ('Strength', '1-035'),
            ('Flash', '1-035'),
            ('Mega Punch', '1-036'),
            ('Mega Kick', '1-036'),
            ('Toxic', '1-036'),
            ('Body Slam', '1-036'),
            ('Take Down', '1-036'),
            ('Double-Edge', '1-036'),
            ('BubbleBeam', '1-036'),
            ('Water Gun', '1-036'),
            ('Ice Beam', '1-036'),
            ('Blizzard', '1-036'),
            ('Hyper Beam', '1-036'),
            ('Submission', '1-036'),
            ('Counter', '1-036'),
            ('Seismic Toss', '1-036'),
            ('Rage', '1-036'),
            ('SolarBeam', '1-036'),
            ('Thunderbolt', '1-036'),
            ('Thunder', '1-036'),
            ('Psychic', '1-036'),
            ('Teleport', '1-036'),
            ('Mimic', '1-036'),
            ('Double Team', '1-036'),
            ('Reflect', '1-036'),
            ('Bide', '1-036'),
            ('Metronome', '1-036'),
            ('Fire Blast', '1-036'),
            ('Skull Bash', '1-036'),
            ('Rest', '1-036'),
            ('Thunder Wave', '1-036'),
            ('Psywave', '1-036'),
            ('Tri Attack', '1-036'),
            ('Substitute', '1-036'),
            ('Strength', '1-036'),
            ('Flash', '1-036'),
            ('Toxic', '1-037'),
            ('Body Slam', '1-037'),
            ('Take Down', '1-037'),
            ('Double-Edge', '1-037'),
            ('Rage', '1-037'),
            ('Dig', '1-037'),
            ('Mimic', '1-037'),
            ('Double Team', '1-037'),
            ('Reflect', '1-037'),
            ('Bide', '1-037'),
            ('Fire Blast', '1-037'),
            ('Swift', '1-037'),
            ('Skull Bash', '1-037'),
            ('Rest', '1-037'),
            ('Substitute', '1-037'),
            ('Toxic', '1-038'),
            ('Body Slam', '1-038'),
            ('Take Down', '1-038'),
            ('Double-Edge', '1-038'),
            ('Hyper Beam', '1-038'),
            ('Rage', '1-038'),
            ('Dig', '1-038'),
            ('Mimic', '1-038'),
            ('Double Team', '1-038'),
            ('Reflect', '1-038'),
            ('Bide', '1-038'),
            ('Fire Blast', '1-038'),
            ('Swift', '1-038'),
            ('Skull Bash', '1-038'),
            ('Rest', '1-038'),
            ('Substitute', '1-038'),
            ('Mega Punch', '1-039'),
            ('Mega Kick', '1-039'),
            ('Toxic', '1-039'),
            ('Body Slam', '1-039'),
            ('Take Down', '1-039'),
            ('Double-Edge', '1-039'),
            ('BubbleBeam', '1-039'),
            ('Water Gun', '1-039'),
            ('Ice Beam', '1-039'),
            ('Blizzard', '1-039'),
            ('Submission', '1-039'),
            ('Counter', '1-039'),
            ('Seismic Toss', '1-039'),
            ('Rage', '1-039'),
            ('SolarBeam', '1-039'),
            ('Thunderbolt', '1-039'),
            ('Thunder', '1-039'),
            ('Psychic', '1-039'),
            ('Teleport', '1-039'),
            ('Mimic', '1-039'),
            ('Double Team', '1-039'),
            ('Reflect', '1-039'),
            ('Bide', '1-039'),
            ('Fire Blast', '1-039'),
            ('Skull Bash', '1-039'),
            ('Rest', '1-039'),
            ('Thunder Wave', '1-039'),
            ('Psywave', '1-039'),
            ('Tri Attack', '1-039'),
            ('Substitute', '1-039'),
            ('Strength', '1-039'),
            ('Flash', '1-039'),
            ('Mega Punch', '1-040'),
            ('Mega Kick', '1-040'),
            ('Toxic', '1-040'),
            ('Body Slam', '1-040'),
            ('Take Down', '1-040'),
            ('Double-Edge', '1-040'),
            ('BubbleBeam', '1-040'),
            ('Water Gun', '1-040'),
            ('Ice Beam', '1-040'),
            ('Blizzard', '1-040'),
            ('Hyper Beam', '1-040'),
            ('Submission', '1-040'),
            ('Counter', '1-040'),
            ('Seismic Toss', '1-040'),
            ('Rage', '1-040'),
            ('SolarBeam', '1-040'),
            ('Thunderbolt', '1-040'),
            ('Thunder', '1-040'),
            ('Psychic', '1-040'),
            ('Teleport', '1-040'),
            ('Mimic', '1-040'),
            ('Double Team', '1-040'),
            ('Reflect', '1-040'),
            ('Bide', '1-040'),
            ('Fire Blast', '1-040'),
            ('Skull Bash', '1-040'),
            ('Rest', '1-040'),
            ('Thunder Wave', '1-040'),
            ('Psywave', '1-040'),
            ('Tri Attack', '1-040'),
            ('Substitute', '1-040'),
            ('Strength', '1-040'),
            ('Flash', '1-040'),
            ('Razor Wind', '1-041'),
            ('Whirlwind', '1-041'),
            ('Toxic', '1-041'),
            ('Take Down', '1-041'),
            ('Double-Edge', '1-041'),
            ('Rage', '1-041'),
            ('Mega Drain', '1-041'),
            ('Mimic', '1-041'),
            ('Double Team', '1-041'),
            ('Bide', '1-041'),
            ('Swift', '1-041'),
            ('Rest', '1-041'),
            ('Substitute', '1-041'),
            ('Razor Wind', '1-042'),
            ('Whirlwind', '1-042'),
            ('Toxic', '1-042'),
            ('Take Down', '1-042'),
            ('Double-Edge', '1-042'),
            ('Hyper Beam', '1-042'),
            ('Rage', '1-042'),
            ('Mega Drain', '1-042'),
            ('Mimic', '1-042'),
            ('Double Team', '1-042'),
            ('Bide', '1-042'),
            ('Swift', '1-042'),
            ('Rest', '1-042'),
            ('Substitute', '1-042'),
            ('Swords Dance', '1-043'),
            ('Toxic', '1-043'),
            ('Take Down', '1-043'),
            ('Double-Edge', '1-043'),
            ('Rage', '1-043'),
            ('Mega Drain', '1-043'),
            ('SolarBeam', '1-043'),
            ('Mimic', '1-043'),
            ('Double Team', '1-043'),
            ('Reflect', '1-043'),
            ('Bide', '1-043'),
            ('Rest', '1-043'),
            ('Substitute', '1-043'),
            ('Cut', '1-043'),
            ('Swords Dance', '1-044'),
            ('Toxic', '1-044'),
            ('Take Down', '1-044'),
            ('Double-Edge', '1-044'),
            ('Rage', '1-044'),
            ('Mega Drain', '1-044'),
            ('SolarBeam', '1-044'),
            ('Mimic', '1-044'),
            ('Double Team', '1-044'),
            ('Reflect', '1-044'),
            ('Bide', '1-044'),
            ('Rest', '1-044'),
            ('Substitute', '1-044'),
            ('Cut', '1-044'),
            ('Swords Dance', '1-045'),
            ('Toxic', '1-045'),
            ('Body Slam', '1-045'),
            ('Take Down', '1-045'),
            ('Double-Edge', '1-045'),
            ('Hyper Beam', '1-045'),
            ('Rage', '1-045'),
            ('Mega Drain', '1-045'),
            ('SolarBeam', '1-045'),
            ('Mimic', '1-045'),
            ('Double Team', '1-045'),
            ('Reflect', '1-045'),
            ('Bide', '1-045'),
            ('Rest', '1-045'),
            ('Substitute', '1-045'),
            ('Cut', '1-045'),
            ('Swords Dance', '1-046'),
            ('Toxic', '1-046'),
            ('Body Slam', '1-046'),
            ('Take Down', '1-046'),
            ('Double-Edge', '1-046'),
            ('Rage', '1-046'),
            ('Mega Drain', '1-046'),
            ('SolarBeam', '1-046'),
            ('Dig', '1-046'),
            ('Mimic', '1-046'),
            ('Double Team', '1-046'),
            ('Reflect', '1-046'),
            ('Bide', '1-046'),
            ('Skull Bash', '1-046'),
            ('Rest', '1-046'),
            ('Substitute', '1-046'),
            ('Cut', '1-046'),
            ('Swords Dance', '1-047'),
            ('Toxic', '1-047'),
            ('Body Slam', '1-047'),
            ('Take Down', '1-047'),
            ('Double-Edge', '1-047'),
            ('Hyper Beam', '1-047'),
            ('Rage', '1-047'),
            ('Mega Drain', '1-047'),
            ('SolarBeam', '1-047'),
            ('Dig', '1-047'),
            ('Mimic', '1-047'),
            ('Double Team', '1-047'),
            ('Reflect', '1-047'),
            ('Bide', '1-047'),
            ('Skull Bash', '1-047'),
            ('Rest', '1-047'),
            ('Substitute', '1-047'),
            ('Cut', '1-047'),
            ('Toxic', '1-048'),
            ('Take Down', '1-048'),
            ('Double-Edge', '1-048'),
            ('Rage', '1-048'),
            ('Mega Drain', '1-048'),
            ('SolarBeam', '1-048'),
            ('Psychic', '1-048'),
            ('Mimic', '1-048'),
            ('Double Team', '1-048'),
            ('Reflect', '1-048'),
            ('Bide', '1-048'),
            ('Rest', '1-048'),
            ('Psywave', '1-048'),
            ('Substitute', '1-048'),
            ('Flash', '1-048'),
            ('Razor Wind', '1-049'),
            ('Whirlwind', '1-049'),
            ('Toxic', '1-049'),
            ('Take Down', '1-049'),
            ('Double-Edge', '1-049'),
            ('Hyper Beam', '1-049'),
            ('Rage', '1-049'),
            ('Mega Drain', '1-049'),
            ('SolarBeam', '1-049'),
            ('Psychic', '1-049'),
            ('Teleport', '1-049'),
            ('Mimic', '1-049'),
            ('Double Team', '1-049'),
            ('Reflect', '1-049'),
            ('Bide', '1-049'),
            ('Swift', '1-049'),
            ('Rest', '1-049'),
            ('Psywave', '1-049'),
            ('Substitute', '1-049'),
            ('Flash', '1-049'),
            ('Toxic', '1-050'),
            ('Body Slam', '1-050'),
            ('Take Down', '1-050'),
            ('Double-Edge', '1-050'),
            ('Rage', '1-050'),
            ('Earthquake', '1-050'),
            ('Fissure', '1-050'),
            ('Dig', '1-050'),
            ('Mimic', '1-050'),
            ('Double Team', '1-050'),
            ('Bide', '1-050'),
            ('Rest', '1-050'),
            ('Rock Slide', '1-050'),
            ('Substitute', '1-050'),
            ('Cut', '1-050'),
            ('Toxic', '1-051'),
            ('Body Slam', '1-051'),
            ('Take Down', '1-051'),
            ('Double-Edge', '1-051'),
            ('Hyper Beam', '1-051'),
            ('Rage', '1-051'),
            ('Earthquake', '1-051'),
            ('Fissure', '1-051'),
            ('Dig', '1-051'),
            ('Mimic', '1-051'),
            ('Double Team', '1-051'),
            ('Bide', '1-051'),
            ('Rest', '1-051'),
            ('Rock Slide', '1-051'),
            ('Substitute', '1-051'),
            ('Cut', '1-051'),
            ('Toxic', '1-052'),
            ('Body Slam', '1-052'),
            ('Take Down', '1-052'),
            ('Double-Edge', '1-052'),
            ('BubbleBeam', '1-052'),
            ('Water Gun', '1-052'),
            ('Pay Day', '1-052'),
            ('Rage', '1-052'),
            ('Thunderbolt', '1-052'),
            ('Thunder', '1-052'),
            ('Mimic', '1-052'),
            ('Double Team', '1-052'),
            ('Bide', '1-052'),
            ('Swift', '1-052'),
            ('Skull Bash', '1-052'),
            ('Rest', '1-052'),
            ('Substitute', '1-052'),
            ('Toxic', '1-053'),
            ('Body Slam', '1-053'),
            ('Take Down', '1-053'),
            ('Double-Edge', '1-053'),
            ('BubbleBeam', '1-053'),
            ('Water Gun', '1-053'),
            ('Hyper Beam', '1-053'),
            ('Pay Day', '1-053'),
            ('Rage', '1-053'),
            ('Thunderbolt', '1-053'),
            ('Thunder', '1-053'),
            ('Mimic', '1-053'),
            ('Double Team', '1-053'),
            ('Bide', '1-053'),
            ('Swift', '1-053'),
            ('Skull Bash', '1-053'),
            ('Rest', '1-053'),
            ('Substitute', '1-053'),
            ('Mega Punch', '1-054'),
            ('Mega Kick', '1-054'),
            ('Toxic', '1-054'),
            ('Body Slam', '1-054'),
            ('Take Down', '1-054'),
            ('Double-Edge', '1-054'),
            ('BubbleBeam', '1-054'),
            ('Water Gun', '1-054'),
            ('Ice Beam', '1-054'),
            ('Blizzard', '1-054'),
            ('Pay Day', '1-054'),
            ('Submission', '1-054'),
            ('Counter', '1-054'),
            ('Seismic Toss', '1-054'),
            ('Rage', '1-054'),
            ('Dig', '1-054'),
            ('Mimic', '1-054'),
            ('Double Team', '1-054'),
            ('Bide', '1-054'),
            ('Swift', '1-054'),
            ('Skull Bash', '1-054'),
            ('Rest', '1-054'),
            ('Substitute', '1-054'),
            ('Surf', '1-054'),
            ('Strength', '1-054'),
            ('Mega Punch', '1-055'),
            ('Mega Kick', '1-055'),
            ('Toxic', '1-055'),
            ('Body Slam', '1-055'),
            ('Take Down', '1-055'),
            ('Double-Edge', '1-055'),
            ('BubbleBeam', '1-055'),
            ('Water Gun', '1-055'),
            ('Ice Beam', '1-055'),
            ('Blizzard', '1-055'),
            ('Hyper Beam', '1-055'),
            ('Pay Day', '1-055'),
            ('Submission', '1-055'),
            ('Counter', '1-055'),
            ('Seismic Toss', '1-055'),
            ('Rage', '1-055'),
            ('Dig', '1-055'),
            ('Mimic', '1-055'),
            ('Double Team', '1-055'),
            ('Bide', '1-055'),
            ('Swift', '1-055'),
            ('Skull Bash', '1-055'),
            ('Rest', '1-055'),
            ('Substitute', '1-055'),
            ('Surf', '1-055'),
            ('Strength', '1-055'),
            ('Mega Punch', '1-056'),
            ('Mega Kick', '1-056'),
            ('Toxic', '1-056'),
            ('Body Slam', '1-056'),
            ('Take Down', '1-056'),
            ('Double-Edge', '1-056'),
            ('Pay Day', '1-056'),
            ('Submission', '1-056'),
            ('Counter', '1-056'),
            ('Seismic Toss', '1-056'),
            ('Rage', '1-056'),
            ('Thunderbolt', '1-056'),
            ('Thunder', '1-056'),
            ('Dig', '1-056'),
            ('Mimic', '1-056'),
            ('Double Team', '1-056'),
            ('Bide', '1-056'),
            ('Metronome', '1-056'),
            ('Swift', '1-056'),
            ('Skull Bash', '1-056'),
            ('Rest', '1-056'),
            ('Rock Slide', '1-056'),
            ('Substitute', '1-056'),
            ('Strength', '1-056'),
            ('Mega Punch', '1-057'),
            ('Mega Kick', '1-057'),
            ('Toxic', '1-057'),
            ('Body Slam', '1-057'),
            ('Take Down', '1-057'),
            ('Double-Edge', '1-057'),
            ('Hyper Beam', '1-057'),
            ('Pay Day', '1-057'),
            ('Submission', '1-057'),
            ('Counter', '1-057'),
            ('Seismic Toss', '1-057'),
            ('Rage', '1-057'),
            ('Thunderbolt', '1-057'),
            ('Thunder', '1-057'),
            ('Dig', '1-057'),
            ('Mimic', '1-057'),
            ('Double Team', '1-057'),
            ('Bide', '1-057'),
            ('Metronome', '1-057'),
            ('Swift', '1-057'),
            ('Skull Bash', '1-057'),
            ('Rest', '1-057'),
            ('Rock Slide', '1-057'),
            ('Substitute', '1-057'),
            ('Strength', '1-057'),
            ('Toxic', '1-058'),
            ('Body Slam', '1-058'),
            ('Take Down', '1-058'),
            ('Double-Edge', '1-058'),
            ('Rage', '1-058'),
            ('Dragon Rage', '1-058'),
            ('Dig', '1-058'),
            ('Mimic', '1-058'),
            ('Double Team', '1-058'),
            ('Reflect', '1-058'),
            ('Bide', '1-058'),
            ('Fire Blast', '1-058'),
            ('Swift', '1-058'),
            ('Skull Bash', '1-058'),
            ('Rest', '1-058'),
            ('Substitute', '1-058'),
            ('Toxic', '1-059'),
            ('Body Slam', '1-059'),
            ('Take Down', '1-059'),
            ('Double-Edge', '1-059'),
            ('Hyper Beam', '1-059'),
            ('Rage', '1-059'),
            ('Dragon Rage', '1-059'),
            ('Dig', '1-059'),
            ('Teleport', '1-059'),
            ('Mimic', '1-059'),
            ('Double Team', '1-059'),
            ('Reflect', '1-059'),
            ('Bide', '1-059'),
            ('Fire Blast', '1-059'),
            ('Swift', '1-059'),
            ('Skull Bash', '1-059'),
            ('Rest', '1-059'),
            ('Substitute', '1-059'),
            ('Toxic', '1-060'),
            ('Body Slam', '1-060'),
            ('Take Down', '1-060'),
            ('Double-Edge', '1-060'),
            ('BubbleBeam', '1-060'),
            ('Water Gun', '1-060'),
            ('Ice Beam', '1-060'),
            ('Blizzard', '1-060'),
            ('Rage', '1-060'),
            ('Psychic', '1-060'),
            ('Mimic', '1-060'),
            ('Double Team', '1-060'),
            ('Bide', '1-060'),
            ('Skull Bash', '1-060'),
            ('Rest', '1-060'),
            ('Psywave', '1-060'),
            ('Substitute', '1-060'),
            ('Surf', '1-060'),
            ('Mega Punch', '1-061'),
            ('Mega Kick', '1-061'),
            ('Toxic', '1-061'),
            ('Body Slam', '1-061'),
            ('Take Down', '1-061'),
            ('Double-Edge', '1-061'),
            ('BubbleBeam', '1-061'),
            ('Water Gun', '1-061'),
            ('Ice Beam', '1-061'),
            ('Blizzard', '1-061'),
            ('Submission', '1-061'),
            ('Counter', '1-061'),
            ('Seismic Toss', '1-061'),
            ('Rage', '1-061'),
            ('Earthquake', '1-061'),
            ('Fissure', '1-061'),
            ('Psychic', '1-061'),
            ('Mimic', '1-061'),
            ('Double Team', '1-061'),
            ('Bide', '1-061'),
            ('Metronome', '1-061'),
            ('Skull Bash', '1-061'),
            ('Rest', '1-061'),
            ('Psywave', '1-061'),
            ('Substitute', '1-061'),
            ('Surf', '1-061'),
            ('Strength', '1-061'),
            ('Mega Punch', '1-062'),
            ('Mega Kick', '1-062'),
            ('Toxic', '1-062'),
            ('Body Slam', '1-062'),
            ('Take Down', '1-062'),
            ('Double-Edge', '1-062'),
            ('BubbleBeam', '1-062'),
            ('Water Gun', '1-062'),
            ('Ice Beam', '1-062'),
            ('Blizzard', '1-062'),
            ('Hyper Beam', '1-062'),
            ('Submission', '1-062'),
            ('Counter', '1-062'),
            ('Seismic Toss', '1-062'),
            ('Rage', '1-062'),
            ('Earthquake', '1-062'),
            ('Fissure', '1-062'),
            ('Psychic', '1-062'),
            ('Mimic', '1-062'),
            ('Double Team', '1-062'),
            ('Bide', '1-062'),
            ('Metronome', '1-062'),
            ('Skull Bash', '1-062'),
            ('Rest', '1-062'),
            ('Psywave', '1-062'),
            ('Substitute', '1-062'),
            ('Surf', '1-062'),
            ('Strength', '1-062'),
            ('Mega Punch', '1-063'),
            ('Mega Kick', '1-063'),
            ('Toxic', '1-063'),
            ('Body Slam', '1-063'),
            ('Take Down', '1-063'),
            ('Double-Edge', '1-063'),
            ('Submission', '1-063'),
            ('Counter', '1-063'),
            ('Seismic Toss', '1-063'),
            ('Rage', '1-063'),
            ('Psychic', '1-063'),
            ('Teleport', '1-063'),
            ('Mimic', '1-063'),
            ('Double Team', '1-063'),
            ('Reflect', '1-063'),
            ('Bide', '1-063'),
            ('Metronome', '1-063'),
            ('Skull Bash', '1-063'),
            ('Rest', '1-063'),
            ('Thunder Wave', '1-063'),
            ('Psywave', '1-063'),
            ('Tri Attack', '1-063'),
            ('Substitute', '1-063'),
            ('Flash', '1-063'),
            ('Mega Punch', '1-064'),
            ('Mega Kick', '1-064'),
            ('Toxic', '1-064'),
            ('Body Slam', '1-064'),
            ('Take Down', '1-064'),
            ('Double-Edge', '1-064'),
            ('Submission', '1-064'),
            ('Counter', '1-064'),
            ('Seismic Toss', '1-064'),
            ('Rage', '1-064'),
            ('Dig', '1-064'),
            ('Psychic', '1-064'),
            ('Teleport', '1-064'),
            ('Mimic', '1-064'),
            ('Double Team', '1-064'),
            ('Reflect', '1-064'),
            ('Bide', '1-064'),
            ('Metronome', '1-064'),
            ('Skull Bash', '1-064'),
            ('Rest', '1-064'),
            ('Thunder Wave', '1-064'),
            ('Psywave', '1-064'),
            ('Tri Attack', '1-064'),
            ('Substitute', '1-064'),
            ('Flash', '1-064'),
            ('Mega Punch', '1-065'),
            ('Mega Kick', '1-065'),
            ('Toxic', '1-065'),
            ('Body Slam', '1-065'),
            ('Take Down', '1-065'),
            ('Double-Edge', '1-065'),
            ('Hyper Beam', '1-065'),
            ('Submission', '1-065'),
            ('Counter', '1-065'),
            ('Seismic Toss', '1-065'),
            ('Rage', '1-065'),
            ('Dig', '1-065'),
            ('Psychic', '1-065'),
            ('Teleport', '1-065'),
            ('Mimic', '1-065'),
            ('Double Team', '1-065'),
            ('Reflect', '1-065'),
            ('Bide', '1-065'),
            ('Metronome', '1-065'),
            ('Skull Bash', '1-065'),
            ('Rest', '1-065'),
            ('Thunder Wave', '1-065'),
            ('Psywave', '1-065'),
            ('Tri Attack', '1-065'),
            ('Substitute', '1-065'),
            ('Flash', '1-065'),
            ('Mega Punch', '1-066'),
            ('Mega Kick', '1-066'),
            ('Toxic', '1-066'),
            ('Body Slam', '1-066'),
            ('Take Down', '1-066'),
            ('Double-Edge', '1-066'),
            ('Submission', '1-066'),
            ('Counter', '1-066'),
            ('Seismic Toss', '1-066'),
            ('Rage', '1-066'),
            ('Earthquake', '1-066'),
            ('Fissure', '1-066'),
            ('Dig', '1-066'),
            ('Mimic', '1-066'),
            ('Double Team', '1-066'),
            ('Bide', '1-066'),
            ('Metronome', '1-066'),
            ('Fire Blast', '1-066'),
            ('Skull Bash', '1-066'),
            ('Rest', '1-066'),
            ('Rock Slide', '1-066'),
            ('Substitute', '1-066'),
            ('Strength', '1-066'),
            ('Mega Punch', '1-067'),
            ('Mega Kick', '1-067'),
            ('Toxic', '1-067'),
            ('Body Slam', '1-067'),
            ('Take Down', '1-067'),
            ('Double-Edge', '1-067'),
            ('Submission', '1-067'),
            ('Counter', '1-067'),
            ('Seismic Toss', '1-067'),
            ('Rage', '1-067'),
            ('Earthquake', '1-067'),
            ('Fissure', '1-067'),
            ('Dig', '1-067'),
            ('Mimic', '1-067'),
            ('Double Team', '1-067'),
            ('Bide', '1-067'),
            ('Metronome', '1-067'),
            ('Fire Blast', '1-067'),
            ('Skull Bash', '1-067'),
            ('Rest', '1-067'),
            ('Rock Slide', '1-067'),
            ('Substitute', '1-067'),
            ('Strength', '1-067'),
            ('Mega Punch', '1-068'),
            ('Mega Kick', '1-068'),
            ('Toxic', '1-068'),
            ('Body Slam', '1-068'),
            ('Take Down', '1-068'),
            ('Double-Edge', '1-068'),
            ('Hyper Beam', '1-068'),
            ('Submission', '1-068'),
            ('Counter', '1-068'),
            ('Seismic Toss', '1-068'),
            ('Rage', '1-068'),
            ('Earthquake', '1-068'),
            ('Fissure', '1-068'),
            ('Dig', '1-068'),
            ('Mimic', '1-068'),
            ('Double Team', '1-068'),
            ('Bide', '1-068'),
            ('Metronome', '1-068'),
            ('Fire Blast', '1-068'),
            ('Skull Bash', '1-068'),
            ('Rest', '1-068'),
            ('Rock Slide', '1-068'),
            ('Substitute', '1-068'),
            ('Strength', '1-068'),
            ('Swords Dance', '1-069'),
            ('Toxic', '1-069'),
            ('Take Down', '1-069'),
            ('Double-Edge', '1-069'),
            ('Rage', '1-069'),
            ('Mega Drain', '1-069'),
            ('SolarBeam', '1-069'),
            ('Mimic', '1-069'),
            ('Double Team', '1-069'),
            ('Reflect', '1-069'),
            ('Bide', '1-069'),
            ('Rest', '1-069'),
            ('Substitute', '1-069'),
            ('Cut', '1-069'),
            ('Swords Dance', '1-070'),
            ('Toxic', '1-070'),
            ('Take Down', '1-070'),
            ('Double-Edge', '1-070'),
            ('Rage', '1-070'),
            ('Mega Drain', '1-070'),
            ('SolarBeam', '1-070'),
            ('Mimic', '1-070'),
            ('Double Team', '1-070'),
            ('Reflect', '1-070'),
            ('Bide', '1-070'),
            ('Rest', '1-070'),
            ('Substitute', '1-070'),
            ('Cut', '1-070'),
            ('Swords Dance', '1-071'),
            ('Toxic', '1-071'),
            ('Body Slam', '1-071'),
            ('Take Down', '1-071'),
            ('Double-Edge', '1-071'),
            ('Hyper Beam', '1-071'),
            ('Rage', '1-071'),
            ('Mega Drain', '1-071'),
            ('SolarBeam', '1-071'),
            ('Mimic', '1-071'),
            ('Double Team', '1-071'),
            ('Reflect', '1-071'),
            ('Bide', '1-071'),
            ('Rest', '1-071'),
            ('Substitute', '1-071'),
            ('Cut', '1-071'),
            ('Swords Dance', '1-072'),
            ('Toxic', '1-072'),
            ('Take Down', '1-072'),
            ('Double-Edge', '1-072'),
            ('BubbleBeam', '1-072'),
            ('Water Gun', '1-072'),
            ('Ice Beam', '1-072'),
            ('Blizzard', '1-072'),
            ('Rage', '1-072'),
            ('Mega Drain', '1-072'),
            ('Mimic', '1-072'),
            ('Double Team', '1-072'),
            ('Reflect', '1-072'),
            ('Bide', '1-072'),
            ('Skull Bash', '1-072'),
            ('Rest', '1-072'),
            ('Substitute', '1-072'),
            ('Cut', '1-072'),
            ('Surf', '1-072'),
            ('Swords Dance', '1-073'),
            ('Toxic', '1-073'),
            ('Take Down', '1-073'),
            ('Double-Edge', '1-073'),
            ('BubbleBeam', '1-073'),
            ('Water Gun', '1-073'),
            ('Ice Beam', '1-073'),
            ('Blizzard', '1-073'),
            ('Hyper Beam', '1-073'),
            ('Rage', '1-073'),
            ('Mega Drain', '1-073'),
            ('Mimic', '1-073'),
            ('Double Team', '1-073'),
            ('Reflect', '1-073'),
            ('Bide', '1-073'),
            ('Skull Bash', '1-073'),
            ('Rest', '1-073'),
            ('Substitute', '1-073'),
            ('Cut', '1-073'),
            ('Surf', '1-073'),
            ('Mega Punch', '1-074'),
            ('Toxic', '1-074'),
            ('Body Slam', '1-074'),
            ('Take Down', '1-074'),
            ('Double-Edge', '1-074'),
            ('Submission', '1-074'),
            ('Counter', '1-074'),
            ('Seismic Toss', '1-074'),
            ('Rage', '1-074'),
            ('Earthquake', '1-074'),
            ('Fissure', '1-074'),
            ('Dig', '1-074'),
            ('Mimic', '1-074'),
            ('Double Team', '1-074'),
            ('Bide', '1-074'),
            ('Metronome', '1-074'),
            ('Selfdestruct', '1-074'),
            ('Fire Blast', '1-074'),
            ('Rest', '1-074'),
            ('Explosion', '1-074'),
            ('Rock Slide', '1-074'),
            ('Substitute', '1-074'),
            ('Strength', '1-074'),
            ('Mega Punch', '1-075'),
            ('Toxic', '1-075'),
            ('Body Slam', '1-075'),
            ('Take Down', '1-075'),
            ('Double-Edge', '1-075'),
            ('Submission', '1-075'),
            ('Counter', '1-075'),
            ('Seismic Toss', '1-075'),
            ('Rage', '1-075'),
            ('Earthquake', '1-075'),
            ('Fissure', '1-075'),
            ('Dig', '1-075'),
            ('Mimic', '1-075'),
            ('Double Team', '1-075'),
            ('Bide', '1-075'),
            ('Metronome', '1-075'),
            ('Selfdestruct', '1-075'),
            ('Fire Blast', '1-075'),
            ('Rest', '1-075'),
            ('Explosion', '1-075'),
            ('Rock Slide', '1-075'),
            ('Substitute', '1-075'),
            ('Strength', '1-075'),
            ('Mega Punch', '1-076'),
            ('Mega Kick', '1-076'),
            ('Toxic', '1-076'),
            ('Body Slam', '1-076'),
            ('Take Down', '1-076'),
            ('Double-Edge', '1-076'),
            ('Hyper Beam', '1-076'),
            ('Submission', '1-076'),
            ('Counter', '1-076'),
            ('Seismic Toss', '1-076'),
            ('Rage', '1-076'),
            ('Earthquake', '1-076'),
            ('Fissure', '1-076'),
            ('Dig', '1-076'),
            ('Mimic', '1-076'),
            ('Double Team', '1-076'),
            ('Bide', '1-076'),
            ('Metronome', '1-076'),
            ('Selfdestruct', '1-076'),
            ('Fire Blast', '1-076'),
            ('Rest', '1-076'),
            ('Explosion', '1-076'),
            ('Rock Slide', '1-076'),
            ('Substitute', '1-076'),
            ('Strength', '1-076'),
            ('Toxic', '1-077'),
            ('Horn Drill', '1-077'),
            ('Body Slam', '1-077'),
            ('Take Down', '1-077'),
            ('Double-Edge', '1-077'),
            ('Rage', '1-077'),
            ('Mimic', '1-077'),
            ('Double Team', '1-077'),
            ('Reflect', '1-077'),
            ('Bide', '1-077'),
            ('Fire Blast', '1-077'),
            ('Swift', '1-077'),
            ('Skull Bash', '1-077'),
            ('Rest', '1-077'),
            ('Substitute', '1-077'),
            ('Toxic', '1-078'),
            ('Horn Drill', '1-078'),
            ('Body Slam', '1-078'),
            ('Take Down', '1-078'),
            ('Double-Edge', '1-078'),
            ('Hyper Beam', '1-078'),
            ('Rage', '1-078'),
            ('Mimic', '1-078'),
            ('Double Team', '1-078'),
            ('Reflect', '1-078'),
            ('Bide', '1-078'),
            ('Fire Blast', '1-078'),
            ('Swift', '1-078'),
            ('Skull Bash', '1-078'),
            ('Rest', '1-078'),
            ('Substitute', '1-078'),
            ('Toxic', '1-079'),
            ('Body Slam', '1-079'),
            ('Take Down', '1-079'),
            ('Double-Edge', '1-079'),
            ('BubbleBeam', '1-079'),
            ('Water Gun', '1-079'),
            ('Ice Beam', '1-079'),
            ('Blizzard', '1-079'),
            ('Pay Day', '1-079'),
            ('Rage', '1-079'),
            ('Earthquake', '1-079'),
            ('Fissure', '1-079'),
            ('Dig', '1-079'),
            ('Psychic', '1-079'),
            ('Teleport', '1-079'),
            ('Mimic', '1-079'),
            ('Double Team', '1-079'),
            ('Reflect', '1-079'),
            ('Bide', '1-079'),
            ('Fire Blast', '1-079'),
            ('Swift', '1-079'),
            ('Skull Bash', '1-079'),
            ('Rest', '1-079'),
            ('Thunder Wave', '1-079'),
            ('Psywave', '1-079'),
            ('Tri Attack', '1-079'),
            ('Substitute', '1-079'),
            ('Surf', '1-079'),
            ('Strength', '1-079'),
            ('Flash', '1-079'),
            ('Mega Punch', '1-080'),
            ('Mega Kick', '1-080'),
            ('Toxic', '1-080'),
            ('Body Slam', '1-080'),
            ('Take Down', '1-080'),
            ('Double-Edge', '1-080'),
            ('BubbleBeam', '1-080'),
            ('Water Gun', '1-080'),
            ('Ice Beam', '1-080'),
            ('Blizzard', '1-080'),
            ('Hyper Beam', '1-080'),
            ('Pay Day', '1-080'),
            ('Submission', '1-080'),
            ('Counter', '1-080'),
            ('Seismic Toss', '1-080'),
            ('Rage', '1-080'),
            ('Earthquake', '1-080'),
            ('Fissure', '1-080'),
            ('Dig', '1-080'),
            ('Psychic', '1-080'),
            ('Teleport', '1-080'),
            ('Mimic', '1-080'),
            ('Double Team', '1-080'),
            ('Reflect', '1-080'),
            ('Bide', '1-080'),
            ('Fire Blast', '1-080'),
            ('Swift', '1-080'),
            ('Skull Bash', '1-080'),
            ('Rest', '1-080'),
            ('Thunder Wave', '1-080'),
            ('Psywave', '1-080'),
            ('Tri Attack', '1-080'),
            ('Substitute', '1-080'),
            ('Surf', '1-080'),
            ('Strength', '1-080'),
            ('Flash', '1-080'),
            ('Toxic', '1-081'),
            ('Take Down', '1-081'),
            ('Double-Edge', '1-081'),
            ('Rage', '1-081'),
            ('Thunderbolt', '1-081'),
            ('Thunder', '1-081'),
            ('Teleport', '1-081'),
            ('Mimic', '1-081'),
            ('Double Team', '1-081'),
            ('Reflect', '1-081'),
            ('Bide', '1-081'),
            ('Swift', '1-081'),
            ('Rest', '1-081'),
            ('Thunder Wave', '1-081'),
            ('Substitute', '1-081'),
            ('Flash', '1-081'),
            ('Toxic', '1-082'),
            ('Take Down', '1-082'),
            ('Double-Edge', '1-082'),
            ('Hyper Beam', '1-082'),
            ('Rage', '1-082'),
            ('Thunderbolt', '1-082'),
            ('Thunder', '1-082'),
            ('Teleport', '1-082'),
            ('Mimic', '1-082'),
            ('Double Team', '1-082'),
            ('Reflect', '1-082'),
            ('Bide', '1-082'),
            ('Swift', '1-082'),
            ('Rest', '1-082'),
            ('Thunder Wave', '1-082'),
            ('Substitute', '1-082'),
            ('Flash', '1-082'),
            ('Razor Wind', '1-083'),
            ('Swords Dance', '1-083'),
            ('Whirlwind', '1-083'),
            ('Toxic', '1-083'),
            ('Body Slam', '1-083'),
            ('Take Down', '1-083'),
            ('Double-Edge', '1-083'),
            ('Rage', '1-083'),
            ('Mimic', '1-083'),
            ('Double Team', '1-083'),
            ('Reflect', '1-083'),
            ('Bide', '1-083'),
            ('Swift', '1-083'),
            ('Skull Bash', '1-083'),
            ('Rest', '1-083'),
            ('Substitute', '1-083'),
            ('Cut', '1-083'),
            ('Fly', '1-083'),
            ('Whirlwind', '1-084'),
            ('Toxic', '1-084'),
            ('Body Slam', '1-084'),
            ('Take Down', '1-084'),
            ('Double-Edge', '1-084'),
            ('Rage', '1-084'),
            ('Mimic', '1-084'),
            ('Double Team', '1-084'),
            ('Reflect', '1-084'),
            ('Bide', '1-084'),
            ('Skull Bash', '1-084'),
            ('Sky Attack', '1-084'),
            ('Rest', '1-084'),
            ('Tri Attack', '1-084'),
            ('Substitute', '1-084'),
            ('Fly', '1-084'),
            ('Whirlwind', '1-085'),
            ('Toxic', '1-085'),
            ('Body Slam', '1-085'),
            ('Take Down', '1-085'),
            ('Double-Edge', '1-085'),
            ('Hyper Beam', '1-085'),
            ('Rage', '1-085'),
            ('Mimic', '1-085'),
            ('Double Team', '1-085'),
            ('Reflect', '1-085'),
            ('Bide', '1-085'),
            ('Skull Bash', '1-085'),
            ('Sky Attack', '1-085'),
            ('Rest', '1-085'),
            ('Tri Attack', '1-085'),
            ('Substitute', '1-085'),
            ('Fly', '1-085'),
            ('Toxic', '1-086'),
            ('Horn Drill', '1-086'),
            ('Body Slam', '1-086'),
            ('Take Down', '1-086'),
            ('Double-Edge', '1-086'),
            ('BubbleBeam', '1-086'),
            ('Water Gun', '1-086'),
            ('Ice Beam', '1-086'),
            ('Blizzard', '1-086'),
            ('Pay Day', '1-086'),
            ('Rage', '1-086'),
            ('Mimic', '1-086'),
            ('Double Team', '1-086'),
            ('Bide', '1-086'),
            ('Skull Bash', '1-086'),
            ('Rest', '1-086'),
            ('Substitute', '1-086'),
            ('Surf', '1-086'),
            ('Strength', '1-086'),
            ('Toxic', '1-087'),
            ('Horn Drill', '1-087'),
            ('Body Slam', '1-087'),
            ('Take Down', '1-087'),
            ('Double-Edge', '1-087'),
            ('BubbleBeam', '1-087'),
            ('Water Gun', '1-087'),
            ('Ice Beam', '1-087'),
            ('Blizzard', '1-087'),
            ('Hyper Beam', '1-087'),
            ('Pay Day', '1-087'),
            ('Rage', '1-087'),
            ('Mimic', '1-087'),
            ('Double Team', '1-087'),
            ('Bide', '1-087'),
            ('Skull Bash', '1-087'),
            ('Rest', '1-087'),
            ('Substitute', '1-087'),
            ('Surf', '1-087'),
            ('Strength', '1-087'),
            ('Toxic', '1-088'),
            ('Body Slam', '1-088'),
            ('Rage', '1-088'),
            ('Mega Drain', '1-088'),
            ('Thunderbolt', '1-088'),
            ('Thunder', '1-088'),
            ('Mimic', '1-088'),
            ('Double Team', '1-088'),
            ('Bide', '1-088'),
            ('Selfdestruct', '1-088'),
            ('Fire Blast', '1-088'),
            ('Rest', '1-088'),
            ('Explosion', '1-088'),
            ('Substitute', '1-088'),
            ('Toxic', '1-089'),
            ('Body Slam', '1-089'),
            ('Hyper Beam', '1-089'),
            ('Rage', '1-089'),
            ('Mega Drain', '1-089'),
            ('Thunderbolt', '1-089'),
            ('Thunder', '1-089'),
            ('Mimic', '1-089'),
            ('Double Team', '1-089'),
            ('Bide', '1-089'),
            ('Selfdestruct', '1-089'),
            ('Fire Blast', '1-089'),
            ('Rest', '1-089'),
            ('Explosion', '1-089'),
            ('Substitute', '1-089'),
            ('Toxic', '1-090'),
            ('Take Down', '1-090'),
            ('Double-Edge', '1-090'),
            ('BubbleBeam', '1-090'),
            ('Water Gun', '1-090'),
            ('Ice Beam', '1-090'),
            ('Blizzard', '1-090'),
            ('Rage', '1-090'),
            ('Teleport', '1-090'),
            ('Mimic', '1-090'),
            ('Double Team', '1-090'),
            ('Reflect', '1-090'),
            ('Bide', '1-090'),
            ('Selfdestruct', '1-090'),
            ('Swift', '1-090'),
            ('Rest', '1-090'),
            ('Explosion', '1-090'),
            ('Tri Attack', '1-090'),
            ('Substitute', '1-090'),
            ('Surf', '1-090'),
            ('Toxic', '1-091'),
            ('Take Down', '1-091'),
            ('Double-Edge', '1-091'),
            ('BubbleBeam', '1-091'),
            ('Water Gun', '1-091'),
            ('Ice Beam', '1-091'),
            ('Blizzard', '1-091'),
            ('Hyper Beam', '1-091'),
            ('Rage', '1-091'),
            ('Teleport', '1-091'),
            ('Mimic', '1-091'),
            ('Double Team', '1-091'),
            ('Reflect', '1-091'),
            ('Bide', '1-091'),
            ('Selfdestruct', '1-091'),
            ('Swift', '1-091'),
            ('Rest', '1-091'),
            ('Explosion', '1-091'),
            ('Tri Attack', '1-091'),
            ('Substitute', '1-091'),
            ('Surf', '1-091'),
            ('Toxic', '1-092'),
            ('Rage', '1-092'),
            ('Mega Drain', '1-092'),
            ('Thunderbolt', '1-092'),
            ('Thunder', '1-092'),
            ('Psychic', '1-092'),
            ('Mimic', '1-092'),
            ('Double Team', '1-092'),
            ('Bide', '1-092'),
            ('Selfdestruct', '1-092'),
            ('Dream Eater', '1-092'),
            ('Rest', '1-092'),
            ('Psywave', '1-092'),
            ('Explosion', '1-092'),
            ('Substitute', '1-092'),
            ('Toxic', '1-093'),
            ('Rage', '1-093'),
            ('Mega Drain', '1-093'),
            ('Thunderbolt', '1-093'),
            ('Thunder', '1-093'),
            ('Psychic', '1-093'),
            ('Mimic', '1-093'),
            ('Double Team', '1-093'),
            ('Bide', '1-093'),
            ('Selfdestruct', '1-093'),
            ('Dream Eater', '1-093'),
            ('Rest', '1-093'),
            ('Psywave', '1-093'),
            ('Explosion', '1-093'),
            ('Substitute', '1-093'),
            ('Mega Punch', '1-094'),
            ('Mega Kick', '1-094'),
            ('Toxic', '1-094'),
            ('Body Slam', '1-094'),
            ('Take Down', '1-094'),
            ('Double-Edge', '1-094'),
            ('Hyper Beam', '1-094'),
            ('Submission', '1-094'),
            ('Counter', '1-094'),
            ('Seismic Toss', '1-094'),
            ('Rage', '1-094'),
            ('Mega Drain', '1-094'),
            ('Thunderbolt', '1-094'),
            ('Thunder', '1-094'),
            ('Psychic', '1-094'),
            ('Mimic', '1-094'),
            ('Double Team', '1-094'),
            ('Bide', '1-094'),
            ('Metronome', '1-094'),
            ('Selfdestruct', '1-094'),
            ('Skull Bash', '1-094'),
            ('Dream Eater', '1-094'),
            ('Rest', '1-094'),
            ('Psywave', '1-094'),
            ('Explosion', '1-094'),
            ('Substitute', '1-094'),
            ('Strength', '1-094'),
            ('Toxic', '1-095'),
            ('Body Slam', '1-095'),
            ('Take Down', '1-095'),
            ('Double-Edge', '1-095'),
            ('Rage', '1-095'),
            ('Earthquake', '1-095'),
            ('Fissure', '1-095'),
            ('Dig', '1-095'),
            ('Mimic', '1-095'),
            ('Double Team', '1-095'),
            ('Bide', '1-095'),
            ('Selfdestruct', '1-095'),
            ('Skull Bash', '1-095'),
            ('Rest', '1-095'),
            ('Explosion', '1-095'),
            ('Rock Slide', '1-095'),
            ('Substitute', '1-095'),
            ('Strength', '1-095'),
            ('Mega Punch', '1-096'),
            ('Mega Kick', '1-096'),
            ('Toxic', '1-096'),
            ('Body Slam', '1-096'),
            ('Take Down', '1-096'),
            ('Double-Edge', '1-096'),
            ('Submission', '1-096'),
            ('Counter', '1-096'),
            ('Seismic Toss', '1-096'),
            ('Rage', '1-096'),
            ('Psychic', '1-096'),
            ('Teleport', '1-096'),
            ('Mimic', '1-096'),
            ('Double Team', '1-096'),
            ('Reflect', '1-096'),
            ('Bide', '1-096'),
            ('Metronome', '1-096'),
            ('Skull Bash', '1-096'),
            ('Dream Eater', '1-096'),
            ('Rest', '1-096'),
            ('Thunder Wave', '1-096'),
            ('Psywave', '1-096'),
            ('Tri Attack', '1-096'),
            ('Substitute', '1-096'),
            ('Flash', '1-096'),
            ('Mega Punch', '1-097'),
            ('Mega Kick', '1-097'),
            ('Toxic', '1-097'),
            ('Body Slam', '1-097'),
            ('Take Down', '1-097'),
            ('Double-Edge', '1-097'),
            ('Hyper Beam', '1-097'),
            ('Submission', '1-097'),
            ('Counter', '1-097'),
            ('Seismic Toss', '1-097'),
            ('Rage', '1-097'),
            ('Psychic', '1-097'),
            ('Teleport', '1-097'),
            ('Mimic', '1-097'),
            ('Double Team', '1-097'),
            ('Reflect', '1-097'),
            ('Bide', '1-097'),
            ('Metronome', '1-097'),
            ('Skull Bash', '1-097'),
            ('Dream Eater', '1-097'),
            ('Rest', '1-097'),
            ('Thunder Wave', '1-097'),
            ('Psywave', '1-097'),
            ('Tri Attack', '1-097'),
            ('Substitute', '1-097'),
            ('Flash', '1-097'),
            ('Swords Dance', '1-098'),
            ('Toxic', '1-098'),
            ('Body Slam', '1-098'),
            ('Take Down', '1-098'),
            ('Double-Edge', '1-098'),
            ('BubbleBeam', '1-098'),
            ('Water Gun', '1-098'),
            ('Ice Beam', '1-098'),
            ('Blizzard', '1-098'),
            ('Rage', '1-098'),
            ('Mimic', '1-098'),
            ('Double Team', '1-098'),
            ('Bide', '1-098'),
            ('Rest', '1-098'),
            ('Substitute', '1-098'),
            ('Cut', '1-098'),
            ('Surf', '1-098'),
            ('Strength', '1-098'),
            ('Swords Dance', '1-099'),
            ('Toxic', '1-099'),
            ('Body Slam', '1-099'),
            ('Take Down', '1-099'),
            ('Double-Edge', '1-099'),
            ('BubbleBeam', '1-099'),
            ('Water Gun', '1-099'),
            ('Ice Beam', '1-099'),
            ('Blizzard', '1-099'),
            ('Hyper Beam', '1-099'),
            ('Rage', '1-099'),
            ('Mimic', '1-099'),
            ('Double Team', '1-099'),
            ('Bide', '1-099'),
            ('Rest', '1-099'),
            ('Substitute', '1-099'),
            ('Cut', '1-099'),
            ('Surf', '1-099'),
            ('Strength', '1-099'),
            ('Toxic', '1-100'),
            ('Take Down', '1-100'),
            ('Rage', '1-100'),
            ('Thunderbolt', '1-100'),
            ('Thunder', '1-100'),
            ('Teleport', '1-100'),
            ('Mimic', '1-100'),
            ('Double Team', '1-100'),
            ('Reflect', '1-100'),
            ('Bide', '1-100'),
            ('Selfdestruct', '1-100'),
            ('Swift', '1-100'),
            ('Rest', '1-100'),
            ('Thunder Wave', '1-100'),
            ('Explosion', '1-100'),
            ('Substitute', '1-100'),
            ('Flash', '1-100'),
            ('Toxic', '1-101'),
            ('Take Down', '1-101'),
            ('Hyper Beam', '1-101'),
            ('Rage', '1-101'),
            ('Thunderbolt', '1-101'),
            ('Thunder', '1-101'),
            ('Teleport', '1-101'),
            ('Mimic', '1-101'),
            ('Double Team', '1-101'),
            ('Reflect', '1-101'),
            ('Bide', '1-101'),
            ('Selfdestruct', '1-101'),
            ('Swift', '1-101'),
            ('Skull Bash', '1-101'),
            ('Rest', '1-101'),
            ('Thunder Wave', '1-101'),
            ('Explosion', '1-101'),
            ('Substitute', '1-101'),
            ('Flash', '1-101'),
            ('Toxic', '1-102'),
            ('Take Down', '1-102'),
            ('Double-Edge', '1-102'),
            ('Rage', '1-102'),
            ('Psychic', '1-102'),
            ('Teleport', '1-102'),
            ('Mimic', '1-102'),
            ('Double Team', '1-102'),
            ('Reflect', '1-102'),
            ('Bide', '1-102'),
            ('Selfdestruct', '1-102'),
            ('Egg Bomb', '1-102'),
            ('Rest', '1-102'),
            ('Psywave', '1-102'),
            ('Explosion', '1-102'),
            ('Substitute', '1-102'),
            ('Toxic', '1-103'),
            ('Take Down', '1-103'),
            ('Double-Edge', '1-103'),
            ('Hyper Beam', '1-103'),
            ('Rage', '1-103'),
            ('Mega Drain', '1-103'),
            ('SolarBeam', '1-103'),
            ('Psychic', '1-103'),
            ('Teleport', '1-103'),
            ('Mimic', '1-103'),
            ('Double Team', '1-103'),
            ('Reflect', '1-103'),
            ('Bide', '1-103'),
            ('Selfdestruct', '1-103'),
            ('Egg Bomb', '1-103'),
            ('Rest', '1-103'),
            ('Psywave', '1-103'),
            ('Explosion', '1-103'),
            ('Substitute', '1-103'),
            ('Strength', '1-103'),
            ('Mega Punch', '1-104'),
            ('Mega Kick', '1-104'),
            ('Toxic', '1-104'),
            ('Body Slam', '1-104'),
            ('Take Down', '1-104'),
            ('Double-Edge', '1-104'),
            ('BubbleBeam', '1-104'),
            ('Water Gun', '1-104'),
            ('Ice Beam', '1-104'),
            ('Blizzard', '1-104'),
            ('Submission', '1-104'),
            ('Counter', '1-104'),
            ('Seismic Toss', '1-104'),
            ('Rage', '1-104'),
            ('Earthquake', '1-104'),
            ('Fissure', '1-104'),
            ('Dig', '1-104'),
            ('Mimic', '1-104'),
            ('Double Team', '1-104'),
            ('Bide', '1-104'),
            ('Fire Blast', '1-104'),
            ('Skull Bash', '1-104'),
            ('Rest', '1-104'),
            ('Substitute', '1-104'),
            ('Strength', '1-104'),
            ('Mega Punch', '1-105'),
            ('Mega Kick', '1-105'),
            ('Toxic', '1-105'),
            ('Body Slam', '1-105'),
            ('Take Down', '1-105'),
            ('Double-Edge', '1-105'),
            ('BubbleBeam', '1-105'),
            ('Water Gun', '1-105'),
            ('Ice Beam', '1-105'),
            ('Blizzard', '1-105'),
            ('Hyper Beam', '1-105'),
            ('Submission', '1-105'),
            ('Counter', '1-105'),
            ('Seismic Toss', '1-105'),
            ('Rage', '1-105'),
            ('Earthquake', '1-105'),
            ('Fissure', '1-105'),
            ('Dig', '1-105'),
            ('Mimic', '1-105'),
            ('Double Team', '1-105'),
            ('Bide', '1-105'),
            ('Fire Blast', '1-105'),
            ('Skull Bash', '1-105'),
            ('Rest', '1-105'),
            ('Substitute', '1-105'),
            ('Strength', '1-105'),
            ('Mega Punch', '1-106'),
            ('Mega Kick', '1-106'),
            ('Toxic', '1-106'),
            ('Body Slam', '1-106'),
            ('Take Down', '1-106'),
            ('Double-Edge', '1-106'),
            ('Submission', '1-106'),
            ('Counter', '1-106'),
            ('Seismic Toss', '1-106'),
            ('Rage', '1-106'),
            ('Mimic', '1-106'),
            ('Double Team', '1-106'),
            ('Bide', '1-106'),
            ('Metronome', '1-106'),
            ('Swift', '1-106'),
            ('Skull Bash', '1-106'),
            ('Rest', '1-106'),
            ('Substitute', '1-106'),
            ('Strength', '1-106'),
            ('Mega Punch', '1-107'),
            ('Mega Kick', '1-107'),
            ('Toxic', '1-107'),
            ('Body Slam', '1-107'),
            ('Take Down', '1-107'),
            ('Double-Edge', '1-107'),
            ('Submission', '1-107'),
            ('Counter', '1-107'),
            ('Seismic Toss', '1-107'),
            ('Rage', '1-107'),
            ('Mimic', '1-107'),
            ('Double Team', '1-107'),
            ('Bide', '1-107'),
            ('Metronome', '1-107'),
            ('Swift', '1-107'),
            ('Skull Bash', '1-107'),
            ('Rest', '1-107'),
            ('Substitute', '1-107'),
            ('Strength', '1-107'),
            ('Mega Punch', '1-108'),
            ('Swords Dance', '1-108'),
            ('Mega Kick', '1-108'),
            ('Toxic', '1-108'),
            ('Body Slam', '1-108'),
            ('Take Down', '1-108'),
            ('Double-Edge', '1-108'),
            ('BubbleBeam', '1-108'),
            ('Water Gun', '1-108'),
            ('Ice Beam', '1-108'),
            ('Blizzard', '1-108'),
            ('Hyper Beam', '1-108'),
            ('Submission', '1-108'),
            ('Counter', '1-108'),
            ('Seismic Toss', '1-108'),
            ('Rage', '1-108'),
            ('Thunderbolt', '1-108'),
            ('Thunder', '1-108'),
            ('Earthquake', '1-108'),
            ('Fissure', '1-108'),
            ('Mimic', '1-108'),
            ('Double Team', '1-108'),
            ('Bide', '1-108'),
            ('Fire Blast', '1-108'),
            ('Skull Bash', '1-108'),
            ('Rest', '1-108'),
            ('Substitute', '1-108'),
            ('Cut', '1-108'),
            ('Surf', '1-108'),
            ('Strength', '1-108'),
            ('Toxic', '1-109'),
            ('Rage', '1-109'),
            ('Thunderbolt', '1-109'),
            ('Thunder', '1-109'),
            ('Mimic', '1-109'),
            ('Double Team', '1-109'),
            ('Bide', '1-109'),
            ('Selfdestruct', '1-109'),
            ('Fire Blast', '1-109'),
            ('Rest', '1-109'),
            ('Explosion', '1-109'),
            ('Substitute', '1-109'),
            ('Toxic', '1-110'),
            ('Hyper Beam', '1-110'),
            ('Rage', '1-110'),
            ('Thunderbolt', '1-110'),
            ('Thunder', '1-110'),
            ('Mimic', '1-110'),
            ('Double Team', '1-110'),
            ('Bide', '1-110'),
            ('Selfdestruct', '1-110'),
            ('Fire Blast', '1-110'),
            ('Rest', '1-110'),
            ('Explosion', '1-110'),
            ('Substitute', '1-110'),
            ('Toxic', '1-111'),
            ('Horn Drill', '1-111'),
            ('Body Slam', '1-111'),
            ('Take Down', '1-111'),
            ('Double-Edge', '1-111'),
            ('Rage', '1-111'),
            ('Thunderbolt', '1-111'),
            ('Thunder', '1-111'),
            ('Earthquake', '1-111'),
            ('Fissure', '1-111'),
            ('Dig', '1-111'),
            ('Mimic', '1-111'),
            ('Double Team', '1-111'),
            ('Bide', '1-111'),
            ('Fire Blast', '1-111'),
            ('Skull Bash', '1-111'),
            ('Rest', '1-111'),
            ('Rock Slide', '1-111'),
            ('Substitute', '1-111'),
            ('Strength', '1-111'),
            ('Mega Punch', '1-112'),
            ('Mega Kick', '1-112'),
            ('Toxic', '1-112'),
            ('Horn Drill', '1-112'),
            ('Body Slam', '1-112'),
            ('Take Down', '1-112'),
            ('Double-Edge', '1-112'),
            ('BubbleBeam', '1-112'),
            ('Water Gun', '1-112'),
            ('Ice Beam', '1-112'),
            ('Blizzard', '1-112'),
            ('Hyper Beam', '1-112'),
            ('Pay Day', '1-112'),
            ('Submission', '1-112'),
            ('Counter', '1-112'),
            ('Seismic Toss', '1-112'),
            ('Rage', '1-112'),
            ('Thunderbolt', '1-112'),
            ('Thunder', '1-112'),
            ('Earthquake', '1-112'),
            ('Fissure', '1-112'),
            ('Dig', '1-112'),
            ('Mimic', '1-112'),
            ('Double Team', '1-112'),
            ('Bide', '1-112'),
            ('Fire Blast', '1-112'),
            ('Skull Bash', '1-112'),
            ('Rest', '1-112'),
            ('Rock Slide', '1-112'),
            ('Substitute', '1-112'),
            ('Surf', '1-112'),
            ('Strength', '1-112'),
            ('Mega Punch', '1-113'),
            ('Mega Kick', '1-113'),
            ('Toxic', '1-113'),
            ('Body Slam', '1-113'),
            ('Take Down', '1-113'),
            ('Double-Edge', '1-113'),
            ('BubbleBeam', '1-113'),
            ('Water Gun', '1-113'),
            ('Ice Beam', '1-113'),
            ('Blizzard', '1-113'),
            ('Hyper Beam', '1-113'),
            ('Submission', '1-113'),
            ('Counter', '1-113'),
            ('Seismic Toss', '1-113'),
            ('Rage', '1-113'),
            ('SolarBeam', '1-113'),
            ('Thunderbolt', '1-113'),
            ('Thunder', '1-113'),
            ('Psychic', '1-113'),
            ('Teleport', '1-113'),
            ('Mimic', '1-113'),
            ('Double Team', '1-113'),
            ('Reflect', '1-113'),
            ('Bide', '1-113'),
            ('Metronome', '1-113'),
            ('Egg Bomb', '1-113'),
            ('Fire Blast', '1-113'),
            ('Skull Bash', '1-113'),
            ('Softboiled', '1-113'),
            ('Rest', '1-113'),
            ('Thunder Wave', '1-113'),
            ('Psywave', '1-113'),
            ('Tri Attack', '1-113'),
            ('Substitute', '1-113'),
            ('Strength', '1-113'),
            ('Flash', '1-113'),
            ('Swords Dance', '1-114'),
            ('Toxic', '1-114'),
            ('Body Slam', '1-114'),
            ('Take Down', '1-114'),
            ('Double-Edge', '1-114'),
            ('Hyper Beam', '1-114'),
            ('Rage', '1-114'),
            ('Mega Drain', '1-114'),
            ('SolarBeam', '1-114'),
            ('Mimic', '1-114'),
            ('Double Team', '1-114'),
            ('Bide', '1-114'),
            ('Skull Bash', '1-114'),
            ('Rest', '1-114'),
            ('Substitute', '1-114'),
            ('Cut', '1-114'),
            ('Mega Punch', '1-115'),
            ('Mega Kick', '1-115'),
            ('Toxic', '1-115'),
            ('Body Slam', '1-115'),
            ('Take Down', '1-115'),
            ('Double-Edge', '1-115'),
            ('BubbleBeam', '1-115'),
            ('Water Gun', '1-115'),
            ('Ice Beam', '1-115'),
            ('Blizzard', '1-115'),
            ('Hyper Beam', '1-115'),
            ('Submission', '1-115'),
            ('Counter', '1-115'),
            ('Seismic Toss', '1-115'),
            ('Rage', '1-115'),
            ('Thunderbolt', '1-115'),
            ('Thunder', '1-115'),
            ('Earthquake', '1-115'),
            ('Fissure', '1-115'),
            ('Mimic', '1-115'),
            ('Double Team', '1-115'),
            ('Bide', '1-115'),
            ('Fire Blast', '1-115'),
            ('Skull Bash', '1-115'),
            ('Rest', '1-115'),
            ('Rock Slide', '1-115'),
            ('Substitute', '1-115'),
            ('Surf', '1-115'),
            ('Strength', '1-115'),
            ('Toxic', '1-116'),
            ('Take Down', '1-116'),
            ('Double-Edge', '1-116'),
            ('BubbleBeam', '1-116'),
            ('Water Gun', '1-116'),
            ('Ice Beam', '1-116'),
            ('Blizzard', '1-116'),
            ('Rage', '1-116'),
            ('Mimic', '1-116'),
            ('Double Team', '1-116'),
            ('Bide', '1-116'),
            ('Swift', '1-116'),
            ('Skull Bash', '1-116'),
            ('Rest', '1-116'),
            ('Substitute', '1-116'),
            ('Surf', '1-116'),
            ('Toxic', '1-117'),
            ('Take Down', '1-117'),
            ('Double-Edge', '1-117'),
            ('BubbleBeam', '1-117'),
            ('Water Gun', '1-117'),
            ('Ice Beam', '1-117'),
            ('Blizzard', '1-117'),
            ('Hyper Beam', '1-117'),
            ('Rage', '1-117'),
            ('Mimic', '1-117'),
            ('Double Team', '1-117'),
            ('Bide', '1-117'),
            ('Swift', '1-117'),
            ('Skull Bash', '1-117'),
            ('Rest', '1-117'),
            ('Substitute', '1-117'),
            ('Surf', '1-117'),
            ('Toxic', '1-118'),
            ('Horn Drill', '1-118'),
            ('Take Down', '1-118'),
            ('Double-Edge', '1-118'),
            ('BubbleBeam', '1-118'),
            ('Water Gun', '1-118'),
            ('Ice Beam', '1-118'),
            ('Blizzard', '1-118'),
            ('Rage', '1-118'),
            ('Mimic', '1-118'),
            ('Double Team', '1-118'),
            ('Bide', '1-118'),
            ('Swift', '1-118'),
            ('Skull Bash', '1-118'),
            ('Rest', '1-118'),
            ('Substitute', '1-118'),
            ('Surf', '1-118'),
            ('Toxic', '1-119'),
            ('Horn Drill', '1-119'),
            ('Take Down', '1-119'),
            ('Double-Edge', '1-119'),
            ('BubbleBeam', '1-119'),
            ('Water Gun', '1-119'),
            ('Ice Beam', '1-119'),
            ('Blizzard', '1-119'),
            ('Hyper Beam', '1-119'),
            ('Rage', '1-119'),
            ('Mimic', '1-119'),
            ('Double Team', '1-119'),
            ('Bide', '1-119'),
            ('Swift', '1-119'),
            ('Skull Bash', '1-119'),
            ('Rest', '1-119'),
            ('Substitute', '1-119'),
            ('Surf', '1-119'),
            ('Toxic', '1-120'),
            ('Take Down', '1-120'),
            ('Double-Edge', '1-120'),
            ('BubbleBeam', '1-120'),
            ('Water Gun', '1-120'),
            ('Ice Beam', '1-120'),
            ('Blizzard', '1-120'),
            ('Rage', '1-120'),
            ('Thunderbolt', '1-120'),
            ('Thunder', '1-120'),
            ('Psychic', '1-120'),
            ('Teleport', '1-120'),
            ('Mimic', '1-120'),
            ('Double Team', '1-120'),
            ('Reflect', '1-120'),
            ('Bide', '1-120'),
            ('Swift', '1-120'),
            ('Skull Bash', '1-120'),
            ('Rest', '1-120'),
            ('Thunder Wave', '1-120'),
            ('Psywave', '1-120'),
            ('Tri Attack', '1-120'),
            ('Substitute', '1-120'),
            ('Surf', '1-120'),
            ('Flash', '1-120'),
            ('Toxic', '1-121'),
            ('Take Down', '1-121'),
            ('Double-Edge', '1-121'),
            ('BubbleBeam', '1-121'),
            ('Water Gun', '1-121'),
            ('Ice Beam', '1-121'),
            ('Blizzard', '1-121'),
            ('Hyper Beam', '1-121'),
            ('Rage', '1-121'),
            ('Thunderbolt', '1-121'),
            ('Thunder', '1-121'),
            ('Psychic', '1-121'),
            ('Teleport', '1-121'),
            ('Mimic', '1-121'),
            ('Double Team', '1-121'),
            ('Reflect', '1-121'),
            ('Bide', '1-121'),
            ('Swift', '1-121'),
            ('Skull Bash', '1-121'),
            ('Rest', '1-121'),
            ('Thunder Wave', '1-121'),
            ('Psywave', '1-121'),
            ('Tri Attack', '1-121'),
            ('Substitute', '1-121'),
            ('Surf', '1-121'),
            ('Flash', '1-121'),
            ('Mega Punch', '1-122'),
            ('Mega Kick', '1-122'),
            ('Toxic', '1-122'),
            ('Body Slam', '1-122'),
            ('Take Down', '1-122'),
            ('Double-Edge', '1-122'),
            ('Hyper Beam', '1-122'),
            ('Submission', '1-122'),
            ('Counter', '1-122'),
            ('Seismic Toss', '1-122'),
            ('Rage', '1-122'),
            ('SolarBeam', '1-122'),
            ('Thunderbolt', '1-122'),
            ('Thunder', '1-122'),
            ('Psychic', '1-122'),
            ('Teleport', '1-122'),
            ('Mimic', '1-122'),
            ('Double Team', '1-122'),
            ('Reflect', '1-122'),
            ('Bide', '1-122'),
            ('Metronome', '1-122'),
            ('Skull Bash', '1-122'),
            ('Rest', '1-122'),
            ('Thunder Wave', '1-122'),
            ('Psywave', '1-122'),
            ('Substitute', '1-122'),
            ('Flash', '1-122'),
            ('Swords Dance', '1-123'),
            ('Toxic', '1-123'),
            ('Take Down', '1-123'),
            ('Double-Edge', '1-123'),
            ('Hyper Beam', '1-123'),
            ('Rage', '1-123'),
            ('Mimic', '1-123'),
            ('Double Team', '1-123'),
            ('Bide', '1-123'),
            ('Swift', '1-123'),
            ('Skull Bash', '1-123'),
            ('Rest', '1-123'),
            ('Substitute', '1-123'),
            ('Cut', '1-123'),
            ('Mega Punch', '1-124'),
            ('Mega Kick', '1-124'),
            ('Toxic', '1-124'),
            ('Body Slam', '1-124'),
            ('Take Down', '1-124'),
            ('Double-Edge', '1-124'),
            ('BubbleBeam', '1-124'),
            ('Water Gun', '1-124'),
            ('Ice Beam', '1-124'),
            ('Blizzard', '1-124'),
            ('Hyper Beam', '1-124'),
            ('Submission', '1-124'),
            ('Counter', '1-124'),
            ('Seismic Toss', '1-124'),
            ('Rage', '1-124'),
            ('Psychic', '1-124'),
            ('Teleport', '1-124'),
            ('Mimic', '1-124'),
            ('Double Team', '1-124'),
            ('Reflect', '1-124'),
            ('Bide', '1-124'),
            ('Metronome', '1-124'),
            ('Skull Bash', '1-124'),
            ('Rest', '1-124'),
            ('Psywave', '1-124'),
            ('Substitute', '1-124'),
            ('Mega Punch', '1-125'),
            ('Mega Kick', '1-125'),
            ('Toxic', '1-125'),
            ('Body Slam', '1-125'),
            ('Take Down', '1-125'),
            ('Double-Edge', '1-125'),
            ('Hyper Beam', '1-125'),
            ('Submission', '1-125'),
            ('Counter', '1-125'),
            ('Seismic Toss', '1-125'),
            ('Rage', '1-125'),
            ('Thunderbolt', '1-125'),
            ('Thunder', '1-125'),
            ('Psychic', '1-125'),
            ('Teleport', '1-125'),
            ('Mimic', '1-125'),
            ('Double Team', '1-125'),
            ('Reflect', '1-125'),
            ('Bide', '1-125'),
            ('Metronome', '1-125'),
            ('Swift', '1-125'),
            ('Skull Bash', '1-125'),
            ('Rest', '1-125'),
            ('Thunder Wave', '1-125'),
            ('Psywave', '1-125'),
            ('Substitute', '1-125'),
            ('Strength', '1-125'),
            ('Flash', '1-125'),
            ('Mega Punch', '1-126'),
            ('Mega Kick', '1-126'),
            ('Toxic', '1-126'),
            ('Body Slam', '1-126'),
            ('Take Down', '1-126'),
            ('Double-Edge', '1-126'),
            ('Hyper Beam', '1-126'),
            ('Submission', '1-126'),
            ('Counter', '1-126'),
            ('Seismic Toss', '1-126'),
            ('Rage', '1-126'),
            ('Psychic', '1-126'),
            ('Teleport', '1-126'),
            ('Mimic', '1-126'),
            ('Double Team', '1-126'),
            ('Bide', '1-126'),
            ('Metronome', '1-126'),
            ('Fire Blast', '1-126'),
            ('Skull Bash', '1-126'),
            ('Rest', '1-126'),
            ('Psywave', '1-126'),
            ('Substitute', '1-126'),
            ('Strength', '1-126'),
            ('Swords Dance', '1-127'),
            ('Toxic', '1-127'),
            ('Body Slam', '1-127'),
            ('Take Down', '1-127'),
            ('Double-Edge', '1-127'),
            ('Hyper Beam', '1-127'),
            ('Submission', '1-127'),
            ('Seismic Toss', '1-127'),
            ('Rage', '1-127'),
            ('Mimic', '1-127'),
            ('Double Team', '1-127'),
            ('Bide', '1-127'),
            ('Rest', '1-127'),
            ('Substitute', '1-127'),
            ('Cut', '1-127'),
            ('Strength', '1-127'),
            ('Toxic', '1-128'),
            ('Horn Drill', '1-128'),
            ('Body Slam', '1-128'),
            ('Take Down', '1-128'),
            ('Double-Edge', '1-128'),
            ('Ice Beam', '1-128'),
            ('Blizzard', '1-128'),
            ('Hyper Beam', '1-128'),
            ('Rage', '1-128'),
            ('Thunderbolt', '1-128'),
            ('Thunder', '1-128'),
            ('Earthquake', '1-128'),
            ('Fissure', '1-128'),
            ('Mimic', '1-128'),
            ('Double Team', '1-128'),
            ('Bide', '1-128'),
            ('Fire Blast', '1-128'),
            ('Skull Bash', '1-128'),
            ('Rest', '1-128'),
            ('Substitute', '1-128'),
            ('Strength', '1-128'),
            ('Toxic', '1-130'),
            ('Body Slam', '1-130'),
            ('Take Down', '1-130'),
            ('Double-Edge', '1-130'),
            ('BubbleBeam', '1-130'),
            ('Water Gun', '1-130'),
            ('Ice Beam', '1-130'),
            ('Blizzard', '1-130'),
            ('Hyper Beam', '1-130'),
            ('Rage', '1-130'),
            ('Dragon Rage', '1-130'),
            ('Thunderbolt', '1-130'),
            ('Thunder', '1-130'),
            ('Mimic', '1-130'),
            ('Double Team', '1-130'),
            ('Reflect', '1-130'),
            ('Bide', '1-130'),
            ('Fire Blast', '1-130'),
            ('Skull Bash', '1-130'),
            ('Rest', '1-130'),
            ('Substitute', '1-130'),
            ('Surf', '1-130'),
            ('Strength', '1-130'),
            ('Toxic', '1-131'),
            ('Horn Drill', '1-131'),
            ('Body Slam', '1-131'),
            ('Take Down', '1-131'),
            ('Double-Edge', '1-131'),
            ('BubbleBeam', '1-131'),
            ('Water Gun', '1-131'),
            ('Ice Beam', '1-131'),
            ('Blizzard', '1-131'),
            ('Hyper Beam', '1-131'),
            ('Rage', '1-131'),
            ('SolarBeam', '1-131'),
            ('Dragon Rage', '1-131'),
            ('Thunderbolt', '1-131'),
            ('Thunder', '1-131'),
            ('Psychic', '1-131'),
            ('Mimic', '1-131'),
            ('Double Team', '1-131'),
            ('Reflect', '1-131'),
            ('Bide', '1-131'),
            ('Skull Bash', '1-131'),
            ('Rest', '1-131'),
            ('Psywave', '1-131'),
            ('Substitute', '1-131'),
            ('Surf', '1-131'),
            ('Strength', '1-131'),
            ('Toxic', '1-133'),
            ('Body Slam', '1-133'),
            ('Take Down', '1-133'),
            ('Double-Edge', '1-133'),
            ('Rage', '1-133'),
            ('Mimic', '1-133'),
            ('Double Team', '1-133'),
            ('Reflect', '1-133'),
            ('Bide', '1-133'),
            ('Swift', '1-133'),
            ('Skull Bash', '1-133'),
            ('Rest', '1-133'),
            ('Substitute', '1-133'),
            ('Toxic', '1-134'),
            ('Body Slam', '1-134'),
            ('Take Down', '1-134'),
            ('Double-Edge', '1-134'),
            ('BubbleBeam', '1-134'),
            ('Water Gun', '1-134'),
            ('Ice Beam', '1-134'),
            ('Blizzard', '1-134'),
            ('Hyper Beam', '1-134'),
            ('Rage', '1-134'),
            ('Mimic', '1-134'),
            ('Double Team', '1-134'),
            ('Reflect', '1-134'),
            ('Bide', '1-134'),
            ('Swift', '1-134'),
            ('Skull Bash', '1-134'),
            ('Rest', '1-134'),
            ('Substitute', '1-134'),
            ('Surf', '1-134'),
            ('Toxic', '1-135'),
            ('Body Slam', '1-135'),
            ('Take Down', '1-135'),
            ('Double-Edge', '1-135'),
            ('Hyper Beam', '1-135'),
            ('Rage', '1-135'),
            ('Thunderbolt', '1-135'),
            ('Thunder', '1-135'),
            ('Mimic', '1-135'),
            ('Double Team', '1-135'),
            ('Reflect', '1-135'),
            ('Bide', '1-135'),
            ('Swift', '1-135'),
            ('Skull Bash', '1-135'),
            ('Rest', '1-135'),
            ('Thunder Wave', '1-135'),
            ('Substitute', '1-135'),
            ('Flash', '1-135'),
            ('Toxic', '1-136'),
            ('Body Slam', '1-136'),
            ('Take Down', '1-136'),
            ('Double-Edge', '1-136'),
            ('Hyper Beam', '1-136'),
            ('Rage', '1-136'),
            ('Mimic', '1-136'),
            ('Double Team', '1-136'),
            ('Reflect', '1-136'),
            ('Bide', '1-136'),
            ('Fire Blast', '1-136'),
            ('Swift', '1-136'),
            ('Skull Bash', '1-136'),
            ('Rest', '1-136'),
            ('Substitute', '1-136'),
            ('Toxic', '1-137'),
            ('Take Down', '1-137'),
            ('Double-Edge', '1-137'),
            ('Ice Beam', '1-137'),
            ('Blizzard', '1-137'),
            ('Hyper Beam', '1-137'),
            ('Rage', '1-137'),
            ('Thunderbolt', '1-137'),
            ('Thunder', '1-137'),
            ('Psychic', '1-137'),
            ('Teleport', '1-137'),
            ('Mimic', '1-137'),
            ('Double Team', '1-137'),
            ('Reflect', '1-137'),
            ('Bide', '1-137'),
            ('Swift', '1-137'),
            ('Skull Bash', '1-137'),
            ('Rest', '1-137'),
            ('Thunder Wave', '1-137'),
            ('Psywave', '1-137'),
            ('Tri Attack', '1-137'),
            ('Substitute', '1-137'),
            ('Flash', '1-137'),
            ('Toxic', '1-138'),
            ('Body Slam', '1-138'),
            ('Take Down', '1-138'),
            ('Double-Edge', '1-138'),
            ('BubbleBeam', '1-138'),
            ('Water Gun', '1-138'),
            ('Ice Beam', '1-138'),
            ('Blizzard', '1-138'),
            ('Rage', '1-138'),
            ('Mimic', '1-138'),
            ('Double Team', '1-138'),
            ('Reflect', '1-138'),
            ('Bide', '1-138'),
            ('Rest', '1-138'),
            ('Substitute', '1-138'),
            ('Surf', '1-138'),
            ('Toxic', '1-139'),
            ('Horn Drill', '1-139'),
            ('Body Slam', '1-139'),
            ('Take Down', '1-139'),
            ('Double-Edge', '1-139'),
            ('BubbleBeam', '1-139'),
            ('Water Gun', '1-139'),
            ('Ice Beam', '1-139'),
            ('Blizzard', '1-139'),
            ('Hyper Beam', '1-139'),
            ('Submission', '1-139'),
            ('Seismic Toss', '1-139'),
            ('Rage', '1-139'),
            ('Mimic', '1-139'),
            ('Double Team', '1-139'),
            ('Reflect', '1-139'),
            ('Bide', '1-139'),
            ('Skull Bash', '1-139'),
            ('Rest', '1-139'),
            ('Substitute', '1-139'),
            ('Surf', '1-139'),
            ('Toxic', '1-140'),
            ('Body Slam', '1-140'),
            ('Take Down', '1-140'),
            ('Double-Edge', '1-140'),
            ('BubbleBeam', '1-140'),
            ('Water Gun', '1-140'),
            ('Ice Beam', '1-140'),
            ('Blizzard', '1-140'),
            ('Rage', '1-140'),
            ('Mimic', '1-140'),
            ('Double Team', '1-140'),
            ('Reflect', '1-140'),
            ('Bide', '1-140'),
            ('Rest', '1-140'),
            ('Substitute', '1-140'),
            ('Surf', '1-140'),
            ('Razor Wind', '1-141'),
            ('Swords Dance', '1-141'),
            ('Mega Kick', '1-141'),
            ('Toxic', '1-141'),
            ('Body Slam', '1-141'),
            ('Take Down', '1-141'),
            ('Double-Edge', '1-141'),
            ('BubbleBeam', '1-141'),
            ('Water Gun', '1-141'),
            ('Ice Beam', '1-141'),
            ('Blizzard', '1-141'),
            ('Hyper Beam', '1-141'),
            ('Submission', '1-141'),
            ('Seismic Toss', '1-141'),
            ('Rage', '1-141'),
            ('Mimic', '1-141'),
            ('Double Team', '1-141'),
            ('Reflect', '1-141'),
            ('Bide', '1-141'),
            ('Skull Bash', '1-141'),
            ('Rest', '1-141'),
            ('Substitute', '1-141'),
            ('Surf', '1-141'),
            ('Razor Wind', '1-142'),
            ('Whirlwind', '1-142'),
            ('Toxic', '1-142'),
            ('Take Down', '1-142'),
            ('Double-Edge', '1-142'),
            ('Hyper Beam', '1-142'),
            ('Rage', '1-142'),
            ('Dragon Rage', '1-142'),
            ('Mimic', '1-142'),
            ('Double Team', '1-142'),
            ('Reflect', '1-142'),
            ('Bide', '1-142'),
            ('Fire Blast', '1-142'),
            ('Swift', '1-142'),
            ('Sky Attack', '1-142'),
            ('Rest', '1-142'),
            ('Substitute', '1-142'),
            ('Fly', '1-142'),
            ('Mega Punch', '1-143'),
            ('Mega Kick', '1-143'),
            ('Toxic', '1-143'),
            ('Body Slam', '1-143'),
            ('Take Down', '1-143'),
            ('Double-Edge', '1-143'),
            ('BubbleBeam', '1-143'),
            ('Water Gun', '1-143'),
            ('Ice Beam', '1-143'),
            ('Blizzard', '1-143'),
            ('Hyper Beam', '1-143'),
            ('Pay Day', '1-143'),
            ('Submission', '1-143'),
            ('Counter', '1-143'),
            ('Seismic Toss', '1-143'),
            ('Rage', '1-143'),
            ('SolarBeam', '1-143'),
            ('Thunderbolt', '1-143'),
            ('Thunder', '1-143'),
            ('Earthquake', '1-143'),
            ('Fissure', '1-143'),
            ('Psychic', '1-143'),
            ('Mimic', '1-143'),
            ('Double Team', '1-143'),
            ('Reflect', '1-143'),
            ('Bide', '1-143'),
            ('Metronome', '1-143'),
            ('Selfdestruct', '1-143'),
            ('Fire Blast', '1-143'),
            ('Skull Bash', '1-143'),
            ('Rest', '1-143'),
            ('Psywave', '1-143'),
            ('Rock Slide', '1-143'),
            ('Substitute', '1-143'),
            ('Surf', '1-143'),
            ('Strength', '1-143'),
            ('Razor Wind', '1-144'),
            ('Whirlwind', '1-144'),
            ('Toxic', '1-144'),
            ('Take Down', '1-144'),
            ('Double-Edge', '1-144'),
            ('BubbleBeam', '1-144'),
            ('Water Gun', '1-144'),
            ('Ice Beam', '1-144'),
            ('Blizzard', '1-144'),
            ('Hyper Beam', '1-144'),
            ('Rage', '1-144'),
            ('Mimic', '1-144'),
            ('Double Team', '1-144'),
            ('Reflect', '1-144'),
            ('Bide', '1-144'),
            ('Swift', '1-144'),
            ('Sky Attack', '1-144'),
            ('Rest', '1-144'),
            ('Substitute', '1-144'),
            ('Fly', '1-144'),
            ('Razor Wind', '1-145'),
            ('Whirlwind', '1-145'),
            ('Toxic', '1-145'),
            ('Take Down', '1-145'),
            ('Double-Edge', '1-145'),
            ('Hyper Beam', '1-145'),
            ('Rage', '1-145'),
            ('Thunderbolt', '1-145'),
            ('Thunder', '1-145'),
            ('Mimic', '1-145'),
            ('Double Team', '1-145'),
            ('Reflect', '1-145'),
            ('Bide', '1-145'),
            ('Swift', '1-145'),
            ('Sky Attack', '1-145'),
            ('Rest', '1-145'),
            ('Thunder Wave', '1-145'),
            ('Substitute', '1-145'),
            ('Fly', '1-145'),
            ('Flash', '1-145'),
            ('Razor Wind', '1-146'),
            ('Whirlwind', '1-146'),
            ('Toxic', '1-146'),
            ('Take Down', '1-146'),
            ('Double-Edge', '1-146'),
            ('Hyper Beam', '1-146'),
            ('Rage', '1-146'),
            ('Mimic', '1-146'),
            ('Double Team', '1-146'),
            ('Reflect', '1-146'),
            ('Bide', '1-146'),
            ('Fire Blast', '1-146'),
            ('Swift', '1-146'),
            ('Sky Attack', '1-146'),
            ('Rest', '1-146'),
            ('Substitute', '1-146'),
            ('Fly', '1-146'),
            ('Toxic', '1-147'),
            ('Body Slam', '1-147'),
            ('Take Down', '1-147'),
            ('Double-Edge', '1-147'),
            ('BubbleBeam', '1-147'),
            ('Water Gun', '1-147'),
            ('Ice Beam', '1-147'),
            ('Blizzard', '1-147'),
            ('Rage', '1-147'),
            ('Dragon Rage', '1-147'),
            ('Thunderbolt', '1-147'),
            ('Thunder', '1-147'),
            ('Mimic', '1-147'),
            ('Double Team', '1-147'),
            ('Reflect', '1-147'),
            ('Bide', '1-147'),
            ('Fire Blast', '1-147'),
            ('Swift', '1-147'),
            ('Skull Bash', '1-147'),
            ('Rest', '1-147'),
            ('Thunder Wave', '1-147'),
            ('Substitute', '1-147'),
            ('Surf', '1-147'),
            ('Toxic', '1-148'),
            ('Horn Drill', '1-148'),
            ('Body Slam', '1-148'),
            ('Take Down', '1-148'),
            ('Double-Edge', '1-148'),
            ('BubbleBeam', '1-148'),
            ('Water Gun', '1-148'),
            ('Ice Beam', '1-148'),
            ('Blizzard', '1-148'),
            ('Rage', '1-148'),
            ('Dragon Rage', '1-148'),
            ('Thunderbolt', '1-148'),
            ('Thunder', '1-148'),
            ('Mimic', '1-148'),
            ('Double Team', '1-148'),
            ('Reflect', '1-148'),
            ('Bide', '1-148'),
            ('Fire Blast', '1-148'),
            ('Swift', '1-148'),
            ('Skull Bash', '1-148'),
            ('Rest', '1-148'),
            ('Thunder Wave', '1-148'),
            ('Substitute', '1-148'),
            ('Surf', '1-148'),
            ('Razor Wind', '1-149'),
            ('Toxic', '1-149'),
            ('Horn Drill', '1-149'),
            ('Body Slam', '1-149'),
            ('Take Down', '1-149'),
            ('Double-Edge', '1-149'),
            ('BubbleBeam', '1-149'),
            ('Water Gun', '1-149'),
            ('Ice Beam', '1-149'),
            ('Blizzard', '1-149'),
            ('Hyper Beam', '1-149'),
            ('Rage', '1-149'),
            ('Dragon Rage', '1-149'),
            ('Thunderbolt', '1-149'),
            ('Thunder', '1-149'),
            ('Mimic', '1-149'),
            ('Double Team', '1-149'),
            ('Reflect', '1-149'),
            ('Bide', '1-149'),
            ('Fire Blast', '1-149'),
            ('Swift', '1-149'),
            ('Skull Bash', '1-149'),
            ('Rest', '1-149'),
            ('Thunder Wave', '1-149'),
            ('Substitute', '1-149'),
            ('Surf', '1-149'),
            ('Strength', '1-149'),
            ('Mega Punch', '1-150'),
            ('Mega Kick', '1-150'),
            ('Toxic', '1-150'),
            ('Body Slam', '1-150'),
            ('Take Down', '1-150'),
            ('Double-Edge', '1-150'),
            ('BubbleBeam', '1-150'),
            ('Water Gun', '1-150'),
            ('Ice Beam', '1-150'),
            ('Blizzard', '1-150'),
            ('Hyper Beam', '1-150'),
            ('Pay Day', '1-150'),
            ('Submission', '1-150'),
            ('Counter', '1-150'),
            ('Seismic Toss', '1-150'),
            ('Rage', '1-150'),
            ('SolarBeam', '1-150'),
            ('Thunderbolt', '1-150'),
            ('Thunder', '1-150'),
            ('Psychic', '1-150'),
            ('Teleport', '1-150'),
            ('Mimic', '1-150'),
            ('Double Team', '1-150'),
            ('Reflect', '1-150'),
            ('Bide', '1-150'),
            ('Metronome', '1-150'),
            ('Selfdestruct', '1-150'),
            ('Fire Blast', '1-150'),
            ('Skull Bash', '1-150'),
            ('Rest', '1-150'),
            ('Thunder Wave', '1-150'),
            ('Psywave', '1-150'),
            ('Tri Attack', '1-150'),
            ('Substitute', '1-150'),
            ('Strength', '1-150'),
            ('Flash', '1-150'),
            ('Mega Punch', '1-151'),
            ('Razor Wind', '1-151'),
            ('Swords Dance', '1-151'),
            ('Whirlwind', '1-151'),
            ('Mega Kick', '1-151'),
            ('Toxic', '1-151'),
            ('Horn Drill', '1-151'),
            ('Body Slam', '1-151'),
            ('Take Down', '1-151'),
            ('Double-Edge', '1-151'),
            ('BubbleBeam', '1-151'),
            ('Water Gun', '1-151'),
            ('Ice Beam', '1-151'),
            ('Blizzard', '1-151'),
            ('Hyper Beam', '1-151'),
            ('Pay Day', '1-151'),
            ('Submission', '1-151'),
            ('Counter', '1-151'),
            ('Seismic Toss', '1-151'),
            ('Rage', '1-151'),
            ('Mega Drain', '1-151'),
            ('SolarBeam', '1-151'),
            ('Dragon Rage', '1-151'),
            ('Thunderbolt', '1-151'),
            ('Thunder', '1-151'),
            ('Earthquake', '1-151'),
            ('Fissure', '1-151'),
            ('Dig', '1-151'),
            ('Psychic', '1-151'),
            ('Teleport', '1-151'),
            ('Mimic', '1-151'),
            ('Double Team', '1-151'),
            ('Reflect', '1-151'),
            ('Bide', '1-151'),
            ('Metronome', '1-151'),
            ('Selfdestruct', '1-151'),
            ('Egg Bomb', '1-151'),
            ('Fire Blast', '1-151'),
            ('Swift', '1-151'),
            ('Skull Bash', '1-151'),
            ('Softboiled', '1-151'),
            ('Dream Eater', '1-151'),
            ('Sky Attack', '1-151'),
            ('Rest', '1-151'),
            ('Thunder Wave', '1-151'),
            ('Psywave', '1-151'),
            ('Explosion', '1-151'),
            ('Rock Slide', '1-151'),
            ('Tri Attack', '1-151'),
            ('Substitute', '1-151'),
            ('Cut', '1-151'),
            ('Fly', '1-151'),
            ('Surf', '1-151'),
            ('Strength', '1-151'),
            ('Flash', '1-151');

INSERT INTO BadgeLoads2(ObedienceLevel, BadgeName)
VALUES      (20, 'Boulder Badge'),
            (30, 'Cascade Badge'),
            (40, 'Thunder Badge'),
            (50, 'Rainbow Badge'),
            (60, 'Soul Badge'),
            (70, 'Marsh Badge'),
            (80, 'Volcano Badge'),
            (100, 'Earth Badge');

INSERT INTO BadgeLoads1(BadgeID, BadgeName, FileID, Email)
VALUES      ('0-boulder', 'Boulder Badge', 0, 'matthewasmith442@gmail.com'),
            ('0-cascade', 'Cascade Badge', 0, 'matthewasmith442@gmail.com'),
            ('0-thunder', 'Thunder Badge', 0, 'matthewasmith442@gmail.com'),
            ('0-rainbow', 'Rainbow Badge', 0, 'matthewasmith442@gmail.com'),
            ('0-soul', 'Soul Badge', 0, 'matthewasmith442@gmail.com'),
            ('0-marsh', 'Soul Badge', 0, 'matthewasmith442@gmail.com'),
            ('0-volcano', 'Soul Badge', 0, 'matthewasmith442@gmail.com'),
            ('0-earth', 'Soul Badge', 0, 'matthewasmith442@gmail.com');

INSERT INTO Generation(GenerationNumber, Console)
VALUES      (1, 'Game Boy'),
            (2, 'Game Boy Color'),
            (3, 'Game Boy Advance'),
            (4, 'Nintendo DS'),
            (5, 'Nintendo DS'),
            (6, 'Nintendo 3DS');

INSERT INTO PokemonGameCategorizes2(ReleaseDate, SalePrice)
VALUES      ('2004-01-29', 39.99),
            ('2004-09-16', 34.99),
            ('2006-09-28', 45.95),
            ('2010-09-18', 34.99),
            ('2013-10-12', 60.58);

INSERT INTO PokemonGameCategorizes1(Title, ReleaseDate, GenerationNumber)
VALUES      ('Pokemon Emerald', '2004-01-29', 3),
            ('Pokemon FireRed', '2004-09-16', 3),
            ('Pokemon Diamond', '2006-09-28', 4),
            ('Pokemon Black', '2010-09-18', 5),
            ('Pokemon X', '2013-10-12', 6);

INSERT INTO LocationFeaturesAccess2(IsRoute, HasTrainers)
VALUES      (TRUE, TRUE),
            (FALSE, FALSE);

INSERT INTO LocationFeaturesAccess3(RouteNumber, IsRoute)
VALUES      (-1, FALSE),
            (1, TRUE),(2, TRUE), (3, TRUE), (4, TRUE), (5, TRUE),
            (6, TRUE), (7, TRUE), (8, TRUE), (9, TRUE), (10, TRUE),
            (11, TRUE), (12, TRUE), (13, TRUE), (14, TRUE), (15, TRUE),
            (16, TRUE), (17, TRUE), (18, TRUE), (19, TRUE), (20, TRUE),
            (21, TRUE), (22, TRUE), (23, TRUE), (24, TRUE), (25, TRUE),
            (26, TRUE), (27, TRUE), (28, TRUE);

INSERT INTO LocationFeaturesAccess1(Address, BadgeID, Title, RouteNumber)
VALUES      ('Pallet Town', '0-thunder', 'Pokemon FireRed', -1),
            ('Route 2', '0-cascade', 'Pokemon FireRed', 2),
            ('Route 24', '0-thunder', 'Pokemon FireRed', 24),
            ('Route 25', '0-rainbow', 'Pokemon FireRed', 25),
            ('Pattern Bush', '0-earth', 'Pokemon FireRed', -1),
            ('Viridian Forest', '0-cascade', 'Pokemon FireRed', -1),
            ('Route 1', '0-rainbow', 'Pokemon FireRed', 1),
            ('Route 3', '0-rainbow', 'Pokemon FireRed', 3),
            ('Route 5', '0-cascade', 'Pokemon FireRed', 5),
            ('Route 6', '0-soul', 'Pokemon FireRed', 6),
            ('Route 7', '0-rainbow', 'Pokemon FireRed', 7),
            ('Route 8', '0-thunder', 'Pokemon FireRed', 8),
            ('Route 12', '0-earth', 'Pokemon FireRed', 12),
            ('Route 13', '0-rainbow', 'Pokemon FireRed', 13),
            ('Route 14', '0-rainbow', 'Pokemon FireRed', 14),
            ('Route 15', '0-volcano', 'Pokemon FireRed', 15),
            ('Berry Forest', '0-marsh', 'Pokemon FireRed', -1),
            ('Bond Bridge', '0-earth', 'Pokemon FireRed', -1),
            ('Five Isle Meadow', '0-marsh', 'Pokemon FireRed', -1),
            ('Route 4', '0-earth', 'Pokemon FireRed', 4),
            ('Route 9', '0-earth', 'Pokemon FireRed', 9),
            ('Route 16', '0-cascade', 'Pokemon FireRed', 16),
            ('Route 17', '0-boulder', 'Pokemon FireRed', 17),
            ('Route 18', '0-cascade', 'Pokemon FireRed', 18),
            ('Route 22', '0-earth', 'Pokemon FireRed', 22),
            ('Pokmon Mansion', '0-marsh', 'Pokemon FireRed', -1),
            ('Route 10', '0-boulder', 'Pokemon FireRed', 10),
            ('Route 11', '0-rainbow', 'Pokemon FireRed', 11),
            ('Route 23', '0-cascade', 'Pokemon FireRed', 23),
            ('Canyon Entrance', '0-volcano', 'Pokemon FireRed', -1),
            ('Cape Brink', '0-thunder', 'Pokemon FireRed', -1),
            ('Kindle Road', '0-soul', 'Pokemon FireRed', -1),
            ('Mt. Ember', '0-marsh', 'Pokemon FireRed', -1),
            ('Ruin Valley', '0-boulder', 'Pokemon FireRed', -1),
            ('Treasure Beach', '0-rainbow', 'Pokemon FireRed', -1),
            ('Water Path', '0-boulder', 'Pokemon FireRed', -1),
            ('Sevault Canyon', '0-marsh', 'Pokemon FireRed', -1),
            ('Victory Road', '0-marsh', 'Pokemon FireRed', -1),
            ('Power Plant', '0-cascade', 'Pokemon FireRed', -1),
            ('Underground Path 5-6', '0-marsh', 'Pokemon FireRed', -1),
            ('Safari Zone', '0-boulder', 'Pokemon FireRed', -1),
            ('Celadon City', '0-volcano', 'Pokemon FireRed', -1),
            ('Mt. Moon', '0-volcano', 'Pokemon FireRed', -1),
            ('Icefall Cave', '0-rainbow', 'Pokemon FireRed', -1),
            ('Lost Cave', '0-soul', 'Pokemon FireRed', -1),
            ('Rock Tunnel', '0-volcano', 'Pokemon FireRed', -1),
            ('Seafoam Islands', '0-rainbow', 'Pokemon FireRed', -1),
            ('Cerulean Cave', '0-earth', 'Pokemon FireRed', -1),
            ('Digletts Cave', '0-cascade', 'Pokemon FireRed', -1),
            ('Route 19', '0-cascade', 'Pokemon FireRed', 19),
            ('Route 20', '0-cascade', 'Pokemon FireRed', 20),
            ('Route 21', '0-thunder', 'Pokemon FireRed', 21),
            ('Cerulean City', '0-cascade', 'Pokemon FireRed', -1),
            ('Cinnabar Island', '0-rainbow', 'Pokemon FireRed', -1),
            ('Five Island', '0-soul', 'Pokemon FireRed', -1),
            ('Four Island', '0-cascade', 'Pokemon FireRed', -1),
            ('Fuchsia City', '0-earth', 'Pokemon FireRed', -1),
            ('Green Path', '0-thunder', 'Pokemon FireRed', -1),
            ('Memorial Pillar', '0-thunder', 'Pokemon FireRed', -1),
            ('One Island', '0-boulder', 'Pokemon FireRed', -1),
            ('Outcast Island', '0-soul', 'Pokemon FireRed', -1),
            ('Resort Gorgeous', '0-earth', 'Pokemon FireRed', -1),
            ('Tanoby Ruins', '0-rainbow', 'Pokemon FireRed', -1),
            ('Trainer Tower', '0-boulder', 'Pokemon FireRed', -1),
            ('Vermilion City', '0-thunder', 'Pokemon FireRed', -1),
            ('Viridian City', '0-cascade', 'Pokemon FireRed', -1),
            ('Water Labyrinth', '0-boulder', 'Pokemon FireRed', -1),
            ('Pokemon Tower', '0-cascade', 'Pokemon FireRed', -1),
            ('Saffron City', '0-volcano', 'Pokemon FireRed', -1),
            ('Silph Co.', '0-rainbow', 'Pokemon FireRed', -1);

INSERT INTO PokemonContains(PokeID, Address)
VALUES      ('1-001', 'Pallet Town'),
            ('1-004', 'Pallet Town'),
            ('1-007', 'Pallet Town'),
            ('1-010', 'Route 2'),
            ('1-010', 'Route 24'),
            ('1-010', 'Route 25'),
            ('1-010', 'Pattern Bush'),
            ('1-010', 'Viridian Forest'),
            ('1-011', 'Route 24'),
            ('1-011', 'Route 25'),
            ('1-011', 'Pattern Bush'),
            ('1-011', 'Viridian Forest'),
            ('1-013', 'Route 2'),
            ('1-013', 'Route 24'),
            ('1-013', 'Route 25'),
            ('1-013', 'Pattern Bush'),
            ('1-013', 'Viridian Forest'),
            ('1-014', 'Route 24'),
            ('1-014', 'Route 25'),
            ('1-014', 'Pattern Bush'),
            ('1-014', 'Viridian Forest'),
            ('1-016', 'Route 1'),
            ('1-016', 'Route 2'),
            ('1-016', 'Route 3'),
            ('1-016', 'Route 5'),
            ('1-016', 'Route 6'),
            ('1-016', 'Route 7'),
            ('1-016', 'Route 8'),
            ('1-016', 'Route 12'),
            ('1-016', 'Route 13'),
            ('1-016', 'Route 14'),
            ('1-016', 'Route 15'),
            ('1-016', 'Route 24'),
            ('1-016', 'Route 25'),
            ('1-016', 'Berry Forest'),
            ('1-016', 'Bond Bridge'),
            ('1-016', 'Five Isle Meadow'),
            ('1-017', 'Route 13'),
            ('1-017', 'Route 14'),
            ('1-017', 'Route 15'),
            ('1-017', 'Berry Forest'),
            ('1-017', 'Bond Bridge'),
            ('1-017', 'Five Isle Meadow'),
            ('1-019', 'Route 1'),
            ('1-019', 'Route 2'),
            ('1-019', 'Route 4'),
            ('1-019', 'Route 9'),
            ('1-019', 'Route 16'),
            ('1-019', 'Route 17'),
            ('1-019', 'Route 18'),
            ('1-019', 'Route 22'),
            ('1-019', 'Pokemon Mansion'),
            ('1-020', 'Route 16'),
            ('1-020', 'Route 17'),
            ('1-020', 'Route 18'),
            ('1-020', 'Pokemon Mansion'),
            ('1-021', 'Route 3'),
            ('1-021', 'Route 4'),
            ('1-021', 'Route 9'),
            ('1-021', 'Route 10'),
            ('1-021', 'Route 11'),
            ('1-021', 'Route 16'),
            ('1-021', 'Route 17'),
            ('1-021', 'Route 18'),
            ('1-021', 'Route 22'),
            ('1-021', 'Route 23'),
            ('1-021', 'Canyon Entrance'),
            ('1-021', 'Cape Brink'),
            ('1-021', 'Kindle Road'),
            ('1-021', 'Mt. Ember'),
            ('1-021', 'Ruin Valley'),
            ('1-021', 'Treasure Beach'),
            ('1-021', 'Water Path'),
            ('1-022', 'Route 17'),
            ('1-022', 'Route 18'),
            ('1-022', 'Route 23'),
            ('1-022', 'Canyon Entrance'),
            ('1-022', 'Cape Brink'),
            ('1-022', 'Kindle Road'),
            ('1-022', 'Mt. Ember'),
            ('1-022', 'Ruin Valley'),
            ('1-022', 'Sevault Canyon'),
            ('1-022', 'Treasure Beach'),
            ('1-022', 'Water Path'),
            ('1-023', 'Route 4'),
            ('1-023', 'Route 8'),
            ('1-023', 'Route 9'),
            ('1-023', 'Route 10'),
            ('1-023', 'Route 11'),
            ('1-023', 'Route 23'),
            ('1-024', 'Route 23'),
            ('1-024', 'Victory Road'),
            ('1-025', 'Power Plant'),
            ('1-025', 'Viridian Forest'),
            ('1-029', 'Route 3'),
            ('1-029', 'Route 5'),
            ('1-029', 'Underground Path 5-6'),
            ('1-029', 'Safari Zone'),
            ('1-030', 'Route 11'),
            ('1-030', 'Safari Zone'),
            ('1-032', 'Route 3'),
            ('1-032', 'Safari Zone'),
            ('1-033', 'Safari Zone'),
            ('1-035', 'Celadon City'),
            ('1-035', 'Mt. Moon'),
            ('1-039', 'Route 3'),
            ('1-041', 'Icefall Cave'),
            ('1-041', 'Lost Cave'),
            ('1-041', 'Mt. Moon'),
            ('1-041', 'Rock Tunnel'),
            ('1-041', 'Seafoam Islands'),
            ('1-041', 'Victory Road'),
            ('1-042', 'Cerulean Cave'),
            ('1-042', 'Icefall Cave'),
            ('1-042', 'Lost Cave'),
            ('1-042', 'Seafoam Islands'),
            ('1-042', 'Victory Road'),
            ('1-043', 'Route 5'),
            ('1-043', 'Route 6'),
            ('1-043', 'Route 7'),
            ('1-043', 'Route 12'),
            ('1-043', 'Route 13'),
            ('1-043', 'Route 14'),
            ('1-043', 'Route 15'),
            ('1-043', 'Route 24'),
            ('1-043', 'Route 25'),
            ('1-043', 'Berry Forest'),
            ('1-043', 'Bond Bridge'),
            ('1-043', 'Cape Brink'),
            ('1-043', 'Water Path'),
            ('1-044', 'Route 12'),
            ('1-044', 'Route 13'),
            ('1-044', 'Route 14'),
            ('1-044', 'Route 15'),
            ('1-044', 'Berry Forest'),
            ('1-044', 'Bond Bridge'),
            ('1-044', 'Cape Brink'),
            ('1-044', 'Water Path'),
            ('1-046', 'Mt. Moon'),
            ('1-046', 'Safari Zone'),
            ('1-047', 'Cerulean Cave'),
            ('1-047', 'Safari Zone'),
            ('1-048', 'Route 12'),
            ('1-048', 'Route 13'),
            ('1-048', 'Route 14'),
            ('1-048', 'Route 15'),
            ('1-048', 'Berry Forest'),
            ('1-048', 'Bond Bridge'),
            ('1-048', 'Safari Zone'),
            ('1-049', 'Berry Forest'),
            ('1-049', 'Safari Zone'),
            ('1-050', 'Digletts Cave'),
            ('1-051', 'Digletts Cave'),
            ('1-052', 'Route 5'),
            ('1-052', 'Route 6'),
            ('1-052', 'Route 7'),
            ('1-052', 'Route 8'),
            ('1-052', 'Bond Bridge'),
            ('1-052', 'Canyon Entrance'),
            ('1-052', 'Cape Brink'),
            ('1-052', 'Five Isle Meadow'),
            ('1-052', 'Kindle Road'),
            ('1-052', 'Ruin Valley'),
            ('1-052', 'Sevault Canyon'),
            ('1-052', 'Treasure Beach'),
            ('1-052', 'Water Path'),
            ('1-053', 'Bond Bridge'),
            ('1-053', 'Canyon Entrance'),
            ('1-053', 'Cape Brink'),
            ('1-053', 'Five Isle Meadow'),
            ('1-053', 'Kindle Road'),
            ('1-053', 'Ruin Valley'),
            ('1-053', 'Sevault Canyon'),
            ('1-053', 'Treasure Beach'),
            ('1-053', 'Water Path'),
            ('1-054', 'Route 4'),
            ('1-054', 'Route 6'),
            ('1-054', 'Route 10'),
            ('1-054', 'Route 11'),
            ('1-054', 'Route 12'),
            ('1-054', 'Route 13'),
            ('1-054', 'Route 19'),
            ('1-054', 'Route 20'),
            ('1-054', 'Route 21'),
            ('1-054', 'Route 22'),
            ('1-054', 'Route 23'),
            ('1-054', 'Route 24'),
            ('1-054', 'Route 25'),
            ('1-054', 'Berry Forest'),
            ('1-054', 'Bond Bridge'),
            ('1-054', 'Canyon Entrance'),
            ('1-054', 'Cape Brink'),
            ('1-054', 'Celadon City'),
            ('1-054', 'Cerulean Cave'),
            ('1-054', 'Cerulean City'),
            ('1-054', 'Cinnabar Island'),
            ('1-054', 'Five Island'),
            ('1-054', 'Five Isle Meadow'),
            ('1-054', 'Four Island'),
            ('1-054', 'Fuchsia City'),
            ('1-054', 'Green Path'),
            ('1-054', 'Icefall Cave'),
            ('1-054', 'Kindle Road'),
            ('1-054', 'Memorial Pillar'),
            ('1-054', 'One Island'),
            ('1-054', 'Outcast Island'),
            ('1-054', 'Pallet Town'),
            ('1-054', 'Resort Gorgeous'),
            ('1-054', 'Ruin Valley'),
            ('1-054', 'Seafoam Islands'),
            ('1-054', 'Tanoby Ruins'),
            ('1-054', 'Trainer Tower'),
            ('1-054', 'Treasure Beach'),
            ('1-054', 'Vermilion City'),
            ('1-054', 'Viridian City'),
            ('1-054', 'Water Labyrinth'),
            ('1-054', 'Water Path'),
            ('1-054', 'Safari Zone'),
            ('1-055', 'Berry Forest'),
            ('1-055', 'Cape Brink'),
            ('1-055', 'Cerulean Cave'),
            ('1-055', 'Seafoam Islands'),
            ('1-056', 'Route 3'),
            ('1-056', 'Route 4'),
            ('1-056', 'Route 22'),
            ('1-056', 'Route 23'),
            ('1-056', 'Rock Tunnel'),
            ('1-057', 'Route 23'),
            ('1-057', 'Cerulean Cave'),
            ('1-057', 'Victory Road'),
            ('1-058', 'Route 7'),
            ('1-058', 'Route 8'),
            ('1-058', 'Pokemon Mansion'),
            ('1-060', 'Route 6'),
            ('1-060', 'Route 22'),
            ('1-060', 'Route 23'),
            ('1-060', 'Route 25'),
            ('1-060', 'Berry Forest'),
            ('1-060', 'Cape Brink'),
            ('1-060', 'Cerulean Cave'),
            ('1-060', 'Four Island'),
            ('1-060', 'Fuchsia City'),
            ('1-060', 'Icefall Cave'),
            ('1-060', 'Ruin Valley'),
            ('1-060', 'Viridian City'),
            ('1-060', 'Safari Zone'),
            ('1-061', 'Route 6'),
            ('1-061', 'Route 22'),
            ('1-061', 'Route 23'),
            ('1-061', 'Route 25'),
            ('1-061', 'Cape Brink'),
            ('1-061', 'Cerulean Cave'),
            ('1-061', 'Four Island'),
            ('1-061', 'Icefall Cave'),
            ('1-061', 'Ruin Valley'),
            ('1-061', 'Viridian City'),
            ('1-063', 'Route 24'),
            ('1-063', 'Route 25'),
            ('1-063', 'Celadon City'),
            ('1-064', 'Cerulean Cave'),
            ('1-066', 'Mt. Ember'),
            ('1-066', 'Rock Tunnel'),
            ('1-066', 'Victory Road'),
            ('1-067', 'Cerulean Cave'),
            ('1-067', 'Mt. Ember'),
            ('1-067', 'Victory Road'),
            ('1-072', 'Route 4'),
            ('1-072', 'Route 10'),
            ('1-072', 'Route 11'),
            ('1-072', 'Route 12'),
            ('1-072', 'Route 13'),
            ('1-072', 'Route 19'),
            ('1-072', 'Route 20'),
            ('1-072', 'Route 21'),
            ('1-072', 'Route 24'),
            ('1-072', 'Bond Bridge'),
            ('1-072', 'Cerulean City'),
            ('1-072', 'Cinnabar Island'),
            ('1-072', 'Five Island'),
            ('1-072', 'Five Isle Meadow'),
            ('1-072', 'Green Path'),
            ('1-072', 'Icefall Cave'),
            ('1-072', 'Kindle Road'),
            ('1-072', 'Memorial Pillar'),
            ('1-072', 'One Island'),
            ('1-072', 'Outcast Island'),
            ('1-072', 'Pallet Town'),
            ('1-072', 'Resort Gorgeous'),
            ('1-072', 'Tanoby Ruins'),
            ('1-072', 'Trainer Tower'),
            ('1-072', 'Treasure Beach'),
            ('1-072', 'Vermilion City'),
            ('1-072', 'Water Labyrinth'),
            ('1-072', 'Water Path'),
            ('1-073', 'Bond Bridge'),
            ('1-073', 'Five Island'),
            ('1-073', 'Five Isle Meadow'),
            ('1-073', 'Green Path'),
            ('1-073', 'Icefall Cave'),
            ('1-073', 'Kindle Road'),
            ('1-073', 'Memorial Pillar'),
            ('1-073', 'One Island'),
            ('1-073', 'Outcast Island'),
            ('1-073', 'Resort Gorgeous'),
            ('1-073', 'Tanoby Ruins'),
            ('1-073', 'Trainer Tower'),
            ('1-073', 'Treasure Beach'),
            ('1-073', 'Water Labyrinth'),
            ('1-073', 'Water Path'),
            ('1-074', 'Cerulean Cave'),
            ('1-074', 'Kindle Road'),
            ('1-074', 'Mt. Ember'),
            ('1-074', 'Mt. Moon'),
            ('1-074', 'Rock Tunnel'),
            ('1-074', 'Sevault Canyon'),
            ('1-074', 'Victory Road'),
            ('1-075', 'Cerulean Cave'),
            ('1-075', 'Kindle Road'),
            ('1-075', 'Mt. Ember'),
            ('1-075', 'Rock Tunnel'),
            ('1-075', 'Sevault Canyon'),
            ('1-077', 'Kindle Road'),
            ('1-077', 'Mt. Ember'),
            ('1-078', 'Kindle Road'),
            ('1-078', 'Mt. Ember'),
            ('1-081', 'Power Plant'),
            ('1-082', 'Cerulean Cave'),
            ('1-082', 'Power Plant'),
            ('1-083', 'Vermilion City'),
            ('1-084', 'Route 16'),
            ('1-084', 'Route 17'),
            ('1-084', 'Route 18'),
            ('1-084', 'Safari Zone'),
            ('1-086', 'Cinnabar Island'),
            ('1-086', 'Icefall Cave'),
            ('1-086', 'Seafoam Islands'),
            ('1-087', 'Icefall Cave'),
            ('1-087', 'Seafoam Islands'),
            ('1-088', 'Celadon City'),
            ('1-088', 'Pokemon Mansion'),
            ('1-090', 'Cinnabar Island'),
            ('1-090', 'Five Island'),
            ('1-090', 'Icefall Cave'),
            ('1-090', 'One Island'),
            ('1-090', 'Pallet Town'),
            ('1-090', 'Vermilion City'),
            ('1-092', 'Lost Cave'),
            ('1-092', 'Pokemon Tower'),
            ('1-093', 'Lost Cave'),
            ('1-093', 'Pokemon Tower'),
            ('1-095', 'Rock Tunnel'),
            ('1-095', 'Sevault Canyon'),
            ('1-095', 'Victory Road'),
            ('1-096', 'Route 11'),
            ('1-096', 'Berry Forest'),
            ('1-097', 'Berry Forest'),
            ('1-098', 'Route 4'),
            ('1-098', 'Route 10'),
            ('1-098', 'Route 11'),
            ('1-098', 'Route 12'),
            ('1-098', 'Route 13'),
            ('1-098', 'Route 19'),
            ('1-098', 'Route 20'),
            ('1-098', 'Route 21'),
            ('1-098', 'Route 24'),
            ('1-098', 'Cerulean City'),
            ('1-098', 'Cinnabar Island'),
            ('1-098', 'Pallet Town'),
            ('1-098', 'Seafoam Islands'),
            ('1-098', 'Vermilion City'),
            ('1-100', 'Route 10'),
            ('1-100', 'Power Plant'),
            ('1-101', 'Cerulean Cave'),
            ('1-101', 'Cinnabar Island'),
            ('1-102', 'Berry Forest'),
            ('1-102', 'Safari Zone'),
            ('1-104', 'Pokemon Tower'),
            ('1-104', 'Sevault Canyon'),
            ('1-105', 'Sevault Canyon'),
            ('1-105', 'Victory Road'),
            ('1-106', 'Saffron City'),
            ('1-107', 'Saffron City'),
            ('1-108', 'Route 18'),
            ('1-109', 'Celadon City'),
            ('1-109', 'Pokemon Mansion'),
            ('1-110', 'Pokemon Mansion'),
            ('1-111', 'Safari Zone'),
            ('1-113', 'Safari Zone'),
            ('1-114', 'Route 21'),
            ('1-114', 'Cinnabar Island'),
            ('1-114', 'Treasure Beach'),
            ('1-115', 'Safari Zone'),
            ('1-116', 'Route 4'),
            ('1-116', 'Route 10'),
            ('1-116', 'Route 11'),
            ('1-116', 'Route 12'),
            ('1-116', 'Route 13'),
            ('1-116', 'Route 19'),
            ('1-116', 'Route 20'),
            ('1-116', 'Route 21'),
            ('1-116', 'Route 24'),
            ('1-116', 'Bond Bridge'),
            ('1-116', 'Cerulean City'),
            ('1-116', 'Cinnabar Island'),
            ('1-116', 'Five Island'),
            ('1-116', 'Five Isle Meadow'),
            ('1-116', 'Green Path'),
            ('1-116', 'Icefall Cave'),
            ('1-116', 'Kindle Road'),
            ('1-116', 'Memorial Pillar'),
            ('1-116', 'One Island'),
            ('1-116', 'Outcast Island'),
            ('1-116', 'Pallet Town'),
            ('1-116', 'Resort Gorgeous'),
            ('1-116', 'Seafoam Islands'),
            ('1-116', 'Tanoby Ruins'),
            ('1-116', 'Trainer Tower'),
            ('1-116', 'Treasure Beach'),
            ('1-116', 'Vermilion City'),
            ('1-116', 'Water Labyrinth'),
            ('1-116', 'Water Path'),
            ('1-117', 'Bond Bridge'),
            ('1-117', 'Cinnabar Island'),
            ('1-117', 'Five Island'),
            ('1-117', 'Five Isle Meadow'),
            ('1-117', 'Green Path'),
            ('1-117', 'Icefall Cave'),
            ('1-117', 'Kindle Road'),
            ('1-117', 'Memorial Pillar'),
            ('1-117', 'One Island'),
            ('1-117', 'Outcast Island'),
            ('1-117', 'Pallet Town'),
            ('1-117', 'Resort Gorgeous'),
            ('1-117', 'Tanoby Ruins'),
            ('1-117', 'Trainer Tower'),
            ('1-117', 'Treasure Beach'),
            ('1-117', 'Water Labyrinth'),
            ('1-117', 'Water Path'),
            ('1-118', 'Route 6'),
            ('1-118', 'Route 22'),
            ('1-118', 'Route 23'),
            ('1-118', 'Route 25'),
            ('1-118', 'Berry Forest'),
            ('1-118', 'Cape Brink'),
            ('1-118', 'Cerulean Cave'),
            ('1-118', 'Four Island'),
            ('1-118', 'Fuchsia City'),
            ('1-118', 'Icefall Cave'),
            ('1-118', 'Ruin Valley'),
            ('1-118', 'Viridian City'),
            ('1-118', 'Safari Zone'),
            ('1-119', 'Berry Forest'),
            ('1-119', 'Fuchsia City'),
            ('1-119', 'Safari Zone'),
            ('1-122', 'Route 2'),
            ('1-123', 'Celadon City'),
            ('1-123', 'Safari Zone'),
            ('1-124', 'Cerulean City'),
            ('1-125', 'Power Plant'),
            ('1-128', 'Safari Zone'),
            ('1-129', 'Route 4'),
            ('1-129', 'Route 6'),
            ('1-129', 'Route 10'),
            ('1-129', 'Route 11'),
            ('1-129', 'Route 12'),
            ('1-129', 'Route 13'),
            ('1-129', 'Route 19'),
            ('1-129', 'Route 20'),
            ('1-129', 'Route 21'),
            ('1-129', 'Route 22'),
            ('1-129', 'Route 23'),
            ('1-129', 'Route 24'),
            ('1-129', 'Route 25'),
            ('1-129', 'Berry Forest'),
            ('1-129', 'Bond Bridge'),
            ('1-129', 'Cape Brink'),
            ('1-129', 'Celadon City'),
            ('1-129', 'Cerulean Cave'),
            ('1-129', 'Cerulean City'),
            ('1-129', 'Cinnabar Island'),
            ('1-129', 'Five Island'),
            ('1-129', 'Five Isle Meadow'),
            ('1-129', 'Four Island'),
            ('1-129', 'Fuchsia City'),
            ('1-129', 'Green Path'),
            ('1-129', 'Icefall Cave'),
            ('1-129', 'Kindle Road'),
            ('1-129', 'Memorial Pillar'),
            ('1-129', 'One Island'),
            ('1-129', 'Outcast Island'),
            ('1-129', 'Pallet Town'),
            ('1-129', 'Resort Gorgeous'),
            ('1-129', 'Ruin Valley'),
            ('1-129', 'Seafoam Islands'),
            ('1-129', 'Tanoby Ruins'),
            ('1-129', 'Trainer Tower'),
            ('1-129', 'Treasure Beach'),
            ('1-129', 'Vermilion City'),
            ('1-129', 'Viridian City'),
            ('1-129', 'Water Labyrinth'),
            ('1-129', 'Water Path'),
            ('1-129', 'Safari Zone'),
            ('1-130', 'Route 4'),
            ('1-130', 'Route 6'),
            ('1-130', 'Route 10'),
            ('1-130', 'Route 11'),
            ('1-130', 'Route 12'),
            ('1-130', 'Route 13'),
            ('1-130', 'Route 19'),
            ('1-130', 'Route 20'),
            ('1-130', 'Route 21'),
            ('1-130', 'Route 22'),
            ('1-130', 'Route 23'),
            ('1-130', 'Route 24'),
            ('1-130', 'Route 25'),
            ('1-130', 'Berry Forest'),
            ('1-130', 'Bond Bridge'),
            ('1-130', 'Cape Brink'),
            ('1-130', 'Cerulean Cave'),
            ('1-130', 'Cerulean City'),
            ('1-130', 'Cinnabar Island'),
            ('1-130', 'Five Island'),
            ('1-130', 'Five Isle Meadow'),
            ('1-130', 'Four Island'),
            ('1-130', 'Fuchsia City'),
            ('1-130', 'Green Path'),
            ('1-130', 'Icefall Cave'),
            ('1-130', 'Kindle Road'),
            ('1-130', 'Memorial Pillar'),
            ('1-130', 'One Island'),
            ('1-130', 'Outcast Island'),
            ('1-130', 'Pallet Town'),
            ('1-130', 'Resort Gorgeous'),
            ('1-130', 'Ruin Valley'),
            ('1-130', 'Seafoam Islands'),
            ('1-130', 'Tanoby Ruins'),
            ('1-130', 'Trainer Tower'),
            ('1-130', 'Treasure Beach'),
            ('1-130', 'Vermilion City'),
            ('1-130', 'Viridian City'),
            ('1-130', 'Water Labyrinth'),
            ('1-130', 'Water Path'),
            ('1-131', 'Icefall Cave'),
            ('1-131', 'Silph Co.'),
            ('1-132', 'Route 13'),
            ('1-132', 'Route 14'),
            ('1-132', 'Route 15'),
            ('1-132', 'Cerulean Cave'),
            ('1-132', 'Pokemon Mansion'),
            ('1-133', 'Celadon City'),
            ('1-137', 'Celadon City'),
            ('1-138', 'Cinnabar Island'),
            ('1-140', 'Cinnabar Island'),
            ('1-142', 'Cinnabar Island'),
            ('1-143', 'Route 12'),
            ('1-143', 'Route 16'),
            ('1-144', 'Seafoam Islands'),
            ('1-145', 'Power Plant'),
            ('1-146', 'Mt. Ember'),
            ('1-147', 'Celadon City'),
            ('1-147', 'Safari Zone'),
            ('1-148', 'Safari Zone'),
            ('1-150', 'Cerulean Cave');